Name,LastModifiedDate,Year Built,Rent,Security Deposit,Street,City,State,Zipcode,County,Bedrooms,Bathrooms,Square Feet,Swimming Pool,Leasable
PROP - 014337,26-09-2024 11:54,2021,1765,1765,18967 Buckley Oak Drive,New Caney,TX,77357,Montgomery,4,2.5,1853,No,NULL
PROP - 000299,26-09-2024 11:35,1998,2499,2499,2131 Samantha Way SW,Marietta,GA,30008,Cobb,3,2.5,2450,No,NULL
PROP - 004632,26-09-2024 11:30,1992,1500,1500,4776 Summersweet Dr,Mays Landing,NJ,8330,Atlantic,2,1.5,992,No,NULL
PROP - 005118,26-09-2024 11:30,1955,1630,1630,1262 Missouri Ave,Lorain,OH,44052,Lorain,3,2,1642,No,NULL
PROP - 005217,26-09-2024 11:30,0,1845,1845,81 Pleasant St,Canandaigua,NY,14424,Ontario,4,2,2045,No,Leased
PROP - 005911,26-09-2024 11:30,1967,1450,1450,101 Darleen Ave,Easley,SC,29640,Pickens,3,2,1323,No,Leased
PROP - 006330,26-09-2024 11:30,1972,3100,3100,219 Floyd Rd,Shirley,NY,11967,SUFFOLK,4,2.5,1900,No,NULL
PROP - 006735,26-09-2024 11:30,1947,2750,2750,514 Front St,Marion,MA,2738,Plymouth,3,2,1549,No,NULL
PROP - 006777,26-09-2024 11:30,2002,1695,1695,7608 Prairie Falcon Ave NW,Albuquerque,NM,87114,Bernalillo,3,2,1200,No,Leased
PROP - 007041,26-09-2024 11:30,1959,1695,1695,2630 Colonial Dr,Atlanta,GA,30337,Fulton,3,2,1742,No,Leased
PROP - 007467,26-09-2024 11:30,1972,1795,1795,13 Lesley Ln # Pen,New Castle,DE,19720,New Castle,4,2.5,1650,No,NULL
PROP - 001186,26-09-2024 11:30,1982,1800,1800,21 Park Ave,Mountville,PA,17554,LANCASTER,3,2,1344,No,NULL
PROP - 002231,26-09-2024 11:30,1953,1595,1595,4001 Tallmadge Rd,Rootstown,OH,44272,PORTAGE,3,1,1128,No,NULL
PROP - 002681,26-09-2024 11:30,1960,2700,2700,124 Woodside Rd,Mastic Beach,NY,11951,SUFFOLK,3,2,1335,No,NULL
PROP - 003108,26-09-2024 11:30,1993,1700,1700,3200 Todos Santos St NW,Albuquerque,NM,87120,BERNALILLO,3,2,1100,No,Leased
PROP - 004264,26-09-2024 11:30,1970,2515,2515,7 Wright Ln,Wareham,MA,2571,Plymouth,3,1,1316,No,Owner Do Not Renew
PROP - 034848,26-09-2024 11:30,1991,2165,2165,9671 Squirrel Wood Run,Douglasville,GA,30135,Douglas,4,2.5,2136,No,NULL
PROP - 037353,26-09-2024 11:04,2003,2150,2150,12606 W Surrey Ave,El Mirage,AZ,85335,Maricopa,4,2.5,2231,No,NULL
PROP - 038115,26-09-2024 11:04,2008,2085,2085,1144 Alden Glen Dr,Moody,AL,35004,Saint Clair,3,2.5,2279,No,NULL
PROP - 038413,26-09-2024 11:04,2022,2070,2070,1203 Merritt Hill Trl,Smyrna,TN,37167,Rutherford,3,2.5,1453,No,NULL
PROP - 038788,26-09-2024 11:04,1999,1745,1745,12139 W Columbine Dr,El Mirage,AZ,85335,Maricopa,3,2,1089,No,NULL
PROP - 038790,26-09-2024 11:04,2016,2360,2360,739 E Constance Way,Phoenix,AZ,85042,Maricopa,3,2.5,1538,No,NULL
PROP - 039170,26-09-2024 11:04,1994,2110,2110,3128 W Robin Ln,Phoenix,AZ,85027,Maricopa,3,2,1305,No,NULL
PROP - 039299,26-09-2024 11:04,2005,1945,1945,504 N Citrus Ln,Gilbert,AZ,85234,Maricopa,3,2.5,1483,No,NULL
PROP - 039370,26-09-2024 11:04,1989,2025,2025,8709 W Seldon Ln,Peoria,AZ,85345,Maricopa,3,2,1494,No,NULL
PROP - 039387,26-09-2024 11:04,2004,1795,1795,613 San Augustine Blvd,New Braunfels,TX,78132,Comal,3,2,1463,No,NULL
PROP - 039690,26-09-2024 11:04,2011,2345,2345,3068 Pointe Place Ave,Kissimmee,FL,34758,Osceola,4,2,1698,No,NULL
PROP - 039710,26-09-2024 11:04,1987,2095,2095,2810 Pine Meadow Dr,Marietta,GA,30066,Cobb,3,2.5,1296,No,NULL
PROP - 039712,26-09-2024 11:04,2017,2399,2399,11340 Hudson Hills Ln,Riverview,FL,33579,Hillsborough,3,2.5,1948,No,NULL
PROP - 039714,26-09-2024 11:04,2014,2060,2060,30681 Satinleaf Run,Brooksville,FL,34602,Hernando,3,2,1392,Yes,NULL
PROP - 039730,26-09-2024 11:04,2022,2005,2005,18823 W Madison St,Buckeye,AZ,85326,Maricopa,4,2,1611,No,NULL
PROP - 043004,26-09-2024 11:04,2022,2885,2885,387 Teton St,Waxahachie,TX,75165,Ellis,4,3,2167,No,NULL
PROP - 039759,26-09-2024 11:04,1998,1675,1675,6627 Beech Trail Dr,Converse,TX,78109,Bexar,3,2,1520,No,NULL
PROP - 039765,26-09-2024 11:04,1998,2220,2220,2717 Ashley Mdw,Schertz,TX,78154,Guadalupe,3,2.5,2537,No,NULL
PROP - 039796,26-09-2024 11:04,1997,2310,2310,7019 Sassy Tree Ln,Millington,TN,38053,Shelby,4,2,2421,No,NULL
PROP - 039799,26-09-2024 11:04,1999,1850,1850,1085 Scofield Dr,Cordova,TN,38018,Shelby,3,2,1699,No,NULL
PROP - 039800,26-09-2024 11:04,2018,1905,1905,25356 W Maldonado Ct,Buckeye,AZ,85326,Maricopa,4,2,1563,No,NULL
PROP - 039801,26-09-2024 11:04,1987,2025,2025,3134 E McKellips Rd,Mesa,AZ,85213,Maricopa,3,2,1333,No,NULL
PROP - 039811,26-09-2024 11:04,1987,1830,1830,230 Harris Oaks,Dallas,GA,30157,Paulding,3,2,1366,No,NULL
PROP - 047108,26-09-2024 11:04,2023,1840,1840,10109 Bridgton Ml,San Antonio,TX,78254,Bexar,4,2,1950,No,NULL
PROP - 040395,26-09-2024 11:04,2022,1585,1585,10210 Ickham Mill Ct,San Antonio,TX,78254,Bexar,3,2,1266,No,NULL
PROP - 040399,26-09-2024 11:04,2000,1970,1970,7011 W Rose Ln,Glendale,AZ,85303,Maricopa,3,2,1522,No,NULL
PROP - 040458,26-09-2024 11:04,2022,1425,1425,6169 Rainbow Row,Pell City,AL,35128,Saint Clair,3,2.5,1503,No,NULL
PROP - 040459,26-09-2024 11:04,2022,1590,1590,6181 Rainbow Row,Pell City,AL,35128,Saint Clair,4,2.5,1762,No,NULL
PROP - 040403,26-09-2024 11:04,2022,2390,2390,213 Park Crest Run,Chelsea,AL,35043,Shelby,4,2.5,2632,No,NULL
PROP - 040581,26-09-2024 11:04,2022,2415,2415,2445 Goodnight Ranch Dr,Weatherford,TX,76087,Parker,4,2,1659,No,NULL
PROP - 040724,26-09-2024 11:04,2022,2525,2525,2444 Goodnight Ranch Dr,Weatherford,TX,76087,Parker,4,2,1848,No,NULL
PROP - 040725,26-09-2024 11:04,1988,2150,2150,1307 Mohrlake Dr,Brandon,FL,33511,Hillsborough,3,2,1226,No,NULL
PROP - 040732,26-09-2024 11:04,2022,1850,1850,3146 Helix Bay Dr,Crandall,TX,75114,Kaufman,3,2,1440,No,NULL
PROP - 040773,26-09-2024 11:04,2022,2575,2575,832 Athens Ln,Locust Grove,GA,30248,Henry,5,3,2619,No,NULL
PROP - 040727,26-09-2024 11:04,2022,1699,1699,5314 Basil Chase,Saint Hedwig,TX,78152,Bexar,3,2,1217,No,NULL
PROP - 041439,26-09-2024 11:04,2022,2125,2125,2104 Basil Ave,Anna,TX,75409,Collin,4,2,1836,No,NULL
PROP - 041560,26-09-2024 11:04,2022,2055,2055,141 Asheville St,Azle,TX,76020,Tarrant,4,2,2079,No,NULL
PROP - 041563,26-09-2024 11:04,2022,1950,1950,424 Attalla St,Azle,TX,76020,Tarrant,4,2,2083,No,NULL
PROP - 041675,26-09-2024 11:04,2022,2390,2390,4451 W Beverly Rd,Laveen,AZ,85339,Maricopa,4,2.5,1915,No,NULL
PROP - 041765,26-09-2024 11:04,2022,1555,1555,6937 Brandi Cir,Pinson,AL,35126,Jefferson,3,2,1648,No,NULL
PROP - 041766,26-09-2024 11:04,2022,1750,1750,6932 Brandi Cir,Pinson,AL,35126,Jefferson,3,2,1648,No,NULL
PROP - 041774,26-09-2024 11:04,2022,2420,2420,805 Athens Ln,Locust Grove,GA,30248,Henry,5,3,2619,No,NULL
PROP - 042434,26-09-2024 11:04,2022,2150,2150,1005 Baltusrol Ln,Lebanon,TN,37087,Wilson,4,2.5,1828,No,NULL
PROP - 043294,26-09-2024 11:04,2022,1750,1750,426 Angel Trumpet Ct,New Braunfels,TX,78130,Comal,3,2,1474,No,NULL
PROP - 043318,26-09-2024 11:04,2022,2265,2265,1339 Carriage Park Dr,Hermitage,TN,37076,Davidson,3,2.5,1633,No,NULL
PROP - 043362,26-09-2024 11:04,2022,2370,2370,1391 Deutz Dr,Locust Grove,GA,30248,Henry,5,3,2619,No,NULL
PROP - 043581,26-09-2024 11:04,2022,1625,1625,13315 Savory Pl,Saint Hedwig,TX,78152,Bexar,3,2,1474,No,NULL
PROP - 043852,26-09-2024 11:04,2022,2065,2065,8305 Bell Ridge Ln,Fort Worth,TX,76123,Tarrant,4,2,1679,No,NULL
PROP - 043411,26-09-2024 11:04,2022,1675,1675,937 Gentle Moss Dr,Magnolia,TX,77354,Montgomery,3,2,1186,No,NULL
PROP - 044346,26-09-2024 11:04,2022,2575,2575,1423 Japonica Aly,Hermitage,TN,37076,Davidson,3,2.5,1633,No,NULL
PROP - 044631,26-09-2024 11:04,2022,2199,2199,1262 Fendt Dr,Locust Grove,GA,30248,Henry,4,3,2572,No,NULL
PROP - 044789,26-09-2024 11:04,2022,2395,2395,816 Athens Lane,Locust Grove,GA,30248,Henry,5,2.5,2619,No,NULL
PROP - 044790,26-09-2024 11:04,2022,2135,2135,820 Athens Lane,Locust Grove,GA,30248,Henry,3,2,2016,No,NULL
PROP - 044883,26-09-2024 11:04,2022,2190,2190,95500 Orchid Blossom Trail,Fernandina Beach,FL,32034,Nassau,3,2,1521,No,NULL
PROP - 044745,26-09-2024 11:04,2022,2445,2445,1340 Deutz Dr,Locust Grove,GA,30248,Henry,5,3,2619,No,NULL
PROP - 045633,26-09-2024 11:04,2022,2049,2049,1325 Deutz Dr,Locust Grove,GA,30248,Henry,4,2,2226,No,NULL
PROP - 046707,26-09-2024 11:04,2022,1615,1615,8506 Brisk Water,San Antonio,TX,78244,Bexar,3,2,1151,No,NULL
PROP - 038765,26-09-2024 11:04,1999,2220,2220,7240 E Knoll St,Mesa,AZ,85207,Maricopa,3,2.5,1559,No,NULL
PROP - 038766,26-09-2024 11:04,2019,2415,2415,2007 Secretariat Trce,Murfreesboro,TN,37128,Rutherford,3,2,1319,No,NULL
PROP - 039771,26-09-2024 11:04,2001,1745,1745,12710 W Laurel Ln,El Mirage,AZ,85335,Maricopa,4,2.5,1385,No,NULL
PROP - 039774,26-09-2024 11:04,1988,2350,2350,176 Cherry Leaf Cv,Cordova,TN,38018,Shelby,4,2.5,2899,No,NULL
PROP - 039777,26-09-2024 11:04,2022,1475,1475,6227 Rainbow Row,Pell City,AL,35128,Saint Clair,4,2.5,1762,No,NULL
PROP - 039782,26-09-2024 11:04,2002,1915,1915,5715 Newnan Cir,Austell,GA,30106,Cobb,3,2,1454,No,NULL
PROP - 039768,26-09-2024 11:04,1992,1680,1680,8342 Pine Meadow Dr,Converse,TX,78109,Bexar,3,2,1513,No,NULL
PROP - 041778,26-09-2024 11:04,2022,2350,2350,5201 Rocky Coast Pl,Palmetto,FL,34221,Manatee,3,2,1504,No,NULL
PROP - 036474,26-09-2024 11:04,2022,2470,2470,1923 Woodsley Ct,Loganville,GA,30052,Gwinnett,4,3,2235,No,NULL
PROP - 036466,26-09-2024 11:04,1988,2185,2185,204 Hollywood Ct N,Kissimmee,FL,34743,Osceola,3,2,1326,No,NULL
PROP - 033836,26-09-2024 11:04,2000,2365,2365,925 Jacobs Crossing Ct,Burleson,TX,76028,Johnson,3,2,2042,No,NULL
PROP - 033895,26-09-2024 11:04,2005,2110,2110,7019 Zither Ln,La Vergne,TN,37086,Rutherford,3,2.5,1609,No,NULL
PROP - 046431,26-09-2024 11:04,2022,2525,2525,1304 Deutz Dr,Locust Grove,GA,30248,Henry,5,2.5,2619,No,NULL
PROP - 045634,26-09-2024 11:04,2022,2215,2215,1337 Deutz Dr,Locust Grove,GA,30248,Henry,4,2,2226,No,NULL
PROP - 044738,26-09-2024 11:04,2022,2330,2330,1352 Deutz Dr,Locust Grove,GA,30248,Henry,4,3,2572,No,NULL
PROP - 044884,26-09-2024 11:04,2022,1905,1905,2983 Wallace Wells Ct,Crandall,TX,75114,Kaufman,3,2,1440,No,NULL
PROP - 044630,26-09-2024 11:04,2022,2180,2180,1266 Fendt Dr,Locust Grove,GA,30248,Henry,4,2,2226,No,NULL
PROP - 043412,26-09-2024 11:04,2022,1925,1925,6920 Brandi Circle,Pinson,AL,35126,Jefferson,4,2,2149,No,NULL
PROP - 043898,26-09-2024 11:04,2022,2225,2225,17044 W El Caminito Dr,Waddell,AZ,85355,Maricopa,4,3,1943,No,NULL
PROP - 043359,26-09-2024 11:04,2022,2060,2060,5307 Winding Stream Dr,Richmond,TX,77469,Fort Bend,4,2,1932,No,NULL
PROP - 043317,26-09-2024 11:04,2022,2195,2195,17008 W El Caminito Dr,Waddell,AZ,85355,Maricopa,3,2,1764,No,NULL
PROP - 043391,26-09-2024 11:04,2022,1850,1850,18797 W Jefferson St,Buckeye,AZ,85326,Maricopa,3,2,1316,No,NULL
PROP - 043410,26-09-2024 11:04,2022,2060,2060,3146 Amaranth St,Tavares,FL,32778,Lake,3,2,1604,No,NULL
PROP - 043308,26-09-2024 11:04,2021,2325,2325,2283 Church St,Hampton,GA,30228,Henry,4,2.5,2373,No,NULL
PROP - 041767,26-09-2024 11:04,2022,1905,1905,6929 Brandi Cir,Pinson,AL,35126,Jefferson,4,2,2149,No,NULL
PROP - 041671,26-09-2024 11:04,2022,3090,3090,404 Teton St,Waxahachie,TX,75165,Ellis,4,3,2167,No,NULL
PROP - 041673,26-09-2024 11:04,2022,1890,1890,24375 W Wood Ave,Buckeye,AZ,85326,Maricopa,3,2.5,1558,No,NULL
PROP - 041773,26-09-2024 11:04,2022,2400,2400,1125 Amadas Dr,Locust Grove,GA,30248,Henry,4,3,2572,No,NULL
PROP - 041491,26-09-2024 11:04,2022,2125,2125,2404 Moon Ranch Dr,Weatherford,TX,76087,Parker,4,2,1834,No,NULL
PROP - 040697,26-09-2024 11:04,2022,1855,1855,3114 Helix Bay Dr,Crandall,TX,75114,Kaufman,3,2,1440,No,NULL
PROP - 040585,26-09-2024 11:04,2022,2145,2145,4018 Serene Water Ave,Eustis,FL,32736,Lake,4,2,1819,No,NULL
PROP - 040400,26-09-2024 11:04,2022,1970,1970,827 Deerhurst Ln,Magnolia,TX,77354,Montgomery,3,2.5,1651,No,NULL
PROP - 040402,26-09-2024 11:04,1986,2550,2550,608 Dunbarton Ct,Woodstock,GA,30189,Cherokee,4,3,2528,No,NULL
PROP - 040338,26-09-2024 11:04,1985,2245,2245,1843 S Hall,Mesa,AZ,85204,Maricopa,3,2,1221,No,NULL
PROP - 039803,26-09-2024 11:04,2002,2005,2005,12838 W Sweetwater Ave,El Mirage,AZ,85335,Maricopa,3,2,1615,No,NULL
PROP - 039793,26-09-2024 11:04,2000,2095,2095,444 N Bailey,Mesa,AZ,85207,Maricopa,3,2,1418,No,NULL
PROP - 039755,26-09-2024 11:04,2022,2245,2245,325 Indian Lake Trl,Villa Rica,GA,30180,Carroll,4,2.5,2009,No,NULL
PROP - 039757,26-09-2024 11:04,2022,2300,2300,86894 Iron Rail Ct,Yulee,FL,32097,Nassau,4,2,2206,No,NULL
PROP - 039731,26-09-2024 11:04,1979,1755,1755,6356 Briergate Dr,Memphis,TN,38134,Shelby,3,2,1499,No,NULL
PROP - 039713,26-09-2024 11:04,1987,2650,2650,2382 Stirring Ct SW,Marietta,GA,30064,Cobb,4,2.5,1964,No,NULL
PROP - 039736,26-09-2024 11:04,1985,2270,2270,240 Pap Finn Ct,Orlando,FL,32828,Orange,3,2,1216,No,NULL
PROP - 039692,26-09-2024 11:04,2022,2070,2070,2589 Shamrock St,Tavares,FL,32778,Lake,3,2,1614,No,NULL
PROP - 039641,26-09-2024 11:04,2000,2949,2949,170 Virginia Highlands,Fayetteville,GA,30215,Fayette,4,4,2315,No,NULL
PROP - 039659,26-09-2024 11:04,2005,2100,2100,3748 Washburn Pl,Wesley Chapel,FL,33543,Pasco,3,2,1644,No,NULL
PROP - 039385,26-09-2024 11:04,2007,1600,1600,1009 Pearl Pl,Calera,AL,35040,Shelby,3,2,1500,No,NULL
PROP - 039663,26-09-2024 11:04,2005,2075,2075,604 Candellia Dr,Desoto,TX,75115,Dallas,4,2,1892,No,NULL
PROP - 039388,26-09-2024 11:04,1998,1975,1975,19535 Sandy Woods Dr,Tomball,TX,77375,Harris,4,2.5,1912,No,NULL
PROP - 039160,26-09-2024 11:04,2000,2620,2620,1472 Englewood Dr,Rockwall,TX,75032,Rockwall,4,2,2083,No,NULL
PROP - 039173,26-09-2024 11:04,2008,2105,2105,12351 Strong Heart Trl,Arlington,TN,38002,Shelby,4,2.5,1699,No,NULL
PROP - 038883,26-09-2024 11:04,2006,1855,1855,1506 Locomotive Dr NE,Conyers,GA,30013,Rockdale,3,2.5,1608,No,NULL
PROP - 038885,26-09-2024 11:04,2019,2195,2195,6739 Redbay Dr,Brooksville,FL,34602,Hernando,4,2,1847,No,NULL
PROP - 038785,26-09-2024 11:04,2004,2285,2285,3046 W Darien Way,Phoenix,AZ,85086,Maricopa,3,2.5,1534,No,NULL
PROP - 039056,26-09-2024 11:04,2022,2200,2200,319 Indian Lake Trl,Villa Rica,GA,30180,Carroll,4,2.5,2009,No,NULL
PROP - 038409,26-09-2024 11:04,2000,1965,1965,10831 E Clovis Ave,Mesa,AZ,85208,Maricopa,3,2,1302,No,NULL
PROP - 038508,26-09-2024 11:04,2005,2250,2250,10645 Cali Cv,Olive Branch,MS,38654,Desoto,5,3,2787,No,NULL
PROP - 037719,26-09-2024 11:04,2003,2470,2470,12760 Standbridge Dr,Riverview,FL,33579,Hillsborough,3,2,1717,No,NULL
PROP - 036510,26-09-2024 11:04,2003,2365,2365,12301 Afton Pl,Arlington,TN,38002,Shelby,4,2,1899,No,NULL
PROP - 037358,26-09-2024 11:04,2000,1800,1800,626 SW Sunset Dr,Grain Valley,MO,64029,Jackson,3,2,1512,No,NULL
PROP - 037360,26-09-2024 11:04,2005,2360,2360,4621 W Valencia Dr,Laveen,AZ,85339,Maricopa,4,2.5,2056,No,NULL
PROP - 037463,26-09-2024 11:04,2002,2270,2270,637 Lynchburg St,Hampton,GA,30228,Henry,4,2.5,1867,No,NULL
PROP - 036420,26-09-2024 11:04,2007,1850,1850,4544 W Valencia Dr,Laveen,AZ,85339,Maricopa,3,2,1589,No,NULL
PROP - 036425,26-09-2024 11:04,2006,1845,1845,1529 Brookgreen Ave,Statesville,NC,28677,Iredell,3,2.5,1675,No,NULL
PROP - 036427,26-09-2024 11:04,1981,2045,2045,3208 Venson Dr,Memphis,TN,38134,Shelby,3,2,1499,No,NULL
PROP - 036430,26-09-2024 11:04,2017,2165,2165,842 Stable Fern Dr,Fuquay Varina,NC,27526,Wake,4,2.5,2187,No,NULL
PROP - 036447,26-09-2024 11:04,1996,2805,2805,8960 Rowley Dr,Memphis,TN,38016,Shelby,5,2.5,2899,No,NULL
PROP - 036491,26-09-2024 11:04,2017,2550,2550,29925 Champagne,Bulverde,TX,78163,Comal,3,2.5,2395,No,NULL
PROP - 036497,26-09-2024 11:04,2000,2275,2275,11166 Black Sheep Dr,Arlington,TN,38002,Shelby,3,2.5,1936,No,NULL
PROP - 036507,26-09-2024 11:04,1987,2320,2320,405 Springlake Dr,Lawrenceville,GA,30046,Gwinnett,3,2,1746,No,NULL
PROP - 037317,26-09-2024 11:04,1990,2235,2235,1815 Sawhorse Ct,Lutz,FL,33559,Pasco,3,2,1402,No,NULL
PROP - 037318,26-09-2024 11:04,2001,1999,1999,5238 Walnut Ct,Lithonia,GA,30038,DeKalb,4,2.5,1492,No,NULL
PROP - 037325,26-09-2024 11:04,2004,2095,2095,3532 W Glass Ln,Phoenix,AZ,85041,Maricopa,3,2,1580,No,NULL
PROP - 037326,26-09-2024 11:04,2011,2535,2535,4798 Ashurst St,Kissimmee,FL,34758,Osceola,3,2,1552,No,NULL
PROP - 037348,26-09-2024 11:04,2004,2300,2300,17027 W Nottingham Way,Surprise,AZ,85374,Maricopa,4,2,1681,No,NULL
PROP - 035622,26-09-2024 11:04,2022,2735,2735,9233 Wood Covert Way,Fort Worth,TX,76131,Tarrant,4,2,1836,No,NULL
PROP - 034843,26-09-2024 11:04,1995,2440,2440,814 Georgian Point Dr,Lawrenceville,GA,30045,Gwinnett,3,2,2085,No,NULL
PROP - 034847,26-09-2024 11:04,1987,2215,2215,9139 W Banff Ln,Peoria,AZ,85381,Maricopa,3,2,1696,No,NULL
PROP - 034877,26-09-2024 11:04,2015,2205,2205,74 Crescent Cmns,Dallas,GA,30157,Paulding,4,2.5,2078,No,NULL
PROP - 034904,26-09-2024 11:04,2003,2505,2505,1344 S 78th St,Mesa,AZ,85209,Maricopa,4,2,1788,No,NULL
PROP - 034931,26-09-2024 11:04,2002,2525,2525,13418 W Keim Dr,Litchfield Park,AZ,85340,Maricopa,4,2.5,2543,No,NULL
PROP - 034933,26-09-2024 11:04,2005,2010,2010,1557 James Gafford Dr,La Vergne,TN,37086,Rutherford,3,2,1169,No,NULL
PROP - 034936,26-09-2024 11:04,2006,1749,1749,21127 Wortham Oaks Dr,Humble,TX,77338,Harris,4,2.5,1577,No,NULL
PROP - 034937,26-09-2024 11:04,2002,2165,2165,1998 Stoney Meadow Dr,Murfreesboro,TN,37128,Rutherford,3,2.5,1822,No,NULL
PROP - 035324,26-09-2024 11:04,2022,2445,2445,804 Loomis Trl,Justin,TX,76247,Denton,4,2,1875,No,NULL
PROP - 034624,26-09-2024 11:04,1994,2625,2625,13429 Beechberry Dr,Riverview,FL,33579,Hillsborough,4,2.5,1983,No,NULL
PROP - 034625,26-09-2024 11:04,2003,1885,1885,5041 Cornelius Dr,Murfreesboro,TN,37129,Rutherford,3,2.5,1211,No,NULL
PROP - 034658,26-09-2024 11:04,2006,1875,1875,1314 Tonya Dr,La Vergne,TN,37086,Rutherford,3,2.5,1410,No,NULL
PROP - 034742,26-09-2024 11:04,1999,2735,2735,3780 Kirkwood Run NW,Kennesaw,GA,30144,Cobb,3,2.5,2228,No,NULL
PROP - 034769,26-09-2024 11:04,2017,2399,2399,817 Commerce Trl,Canton,GA,30114,Cherokee,3,2,1985,No,NULL
PROP - 034771,26-09-2024 11:04,2013,2245,2245,1517 Dillard Heights Dr,Bethlehem,GA,30620,Barrow,3,3,1963,No,NULL
PROP - 034772,26-09-2024 11:04,1983,2375,2375,400 Rill Crest Ct,Alpharetta,GA,30022,Fulton,3,2,1344,No,NULL
PROP - 034774,26-09-2024 11:04,2015,2430,2430,9462 Lantana Trl,Jonesboro,GA,30238,Clayton,4,3,2378,No,NULL
PROP - 034777,26-09-2024 11:04,2004,1985,1985,301 Johnny Ln,Dallas,GA,30132,Paulding,3,2,1414,No,NULL
PROP - 033935,26-09-2024 11:04,2006,2125,2125,3410 Imperial Manor Way,Mulberry,FL,33860,Polk,3,2,1859,No,NULL
PROP - 034139,26-09-2024 11:04,2006,2499,2499,15665 Galbi Dr,Orlando,FL,32828,Orange,3,2,1692,No,NULL
PROP - 034538,26-09-2024 11:04,2002,2549,2549,1135 Chandler Way Dr,Lawrenceville,GA,30045,Gwinnett,4,2.5,3000,No,NULL
PROP - 035348,26-09-2024 11:04,1989,1885,1885,7715 Andes Dr,Jacksonville,FL,32244,Duval,4,2,1518,No,NULL
PROP - 035351,26-09-2024 11:04,2020,1950,1950,9903 Morgans Mill,San Antonio,TX,78254,Bexar,4,2,1668,No,NULL
PROP - 035403,26-09-2024 11:04,2009,2330,2330,910 E Whyman Ave,Avondale,AZ,85323,Maricopa,3,2.5,2120,No,NULL
PROP - 035405,26-09-2024 11:04,2002,1915,1915,7405 Brighton Hill Ln,Raleigh,NC,27616,Wake,3,2.5,1386,No,NULL
PROP - 035406,26-09-2024 11:04,1975,2140,2140,801 Oakland St,Grand Prairie,TX,75052,Dallas,3,2,1609,No,NULL
PROP - 035409,26-09-2024 11:04,2022,1775,1775,1527 Archers Cove Way,Springville,AL,35146,Saint Clair,4,2.5,2618,No,NULL
PROP - 035411,26-09-2024 11:04,1982,2245,2245,3503 Solano Dr,Arlington,TX,76017,Tarrant,3,2,1542,No,NULL
PROP - 035412,26-09-2024 11:04,2006,2005,2005,1008 Kelly Creek Way,Moody,AL,35004,Saint Clair,3,2.5,2011,No,NULL
PROP - 035419,26-09-2024 11:04,2020,1725,1725,221 Middle Green Loop,Floresville,TX,78114,Wilson,3,2,1535,No,NULL
PROP - 035431,26-09-2024 11:04,2004,1795,1795,40562 N High Meadows Dr,San Tan Valley,AZ,85140,Pinal,3,2,1231,No,NULL
PROP - 035454,26-09-2024 11:04,2014,1490,1490,101 Cole Xing,Dallas,GA,30157,Paulding,3,2,1352,No,NULL
PROP - 035477,26-09-2024 11:04,2022,2095,2095,499 Aubrey Woods Dr,Kings Mountain,NC,28086,Cleveland,3,2.5,1800,No,NULL
PROP - 035513,26-09-2024 11:04,2005,2165,2165,144 Darbys Run Dr,Hiram,GA,30141,Paulding,3,2.5,1682,No,NULL
PROP - 035515,26-09-2024 11:04,1978,2155,2155,5269 W Cortez St,Glendale,AZ,85304,Maricopa,3,2,1279,No,NULL
PROP - 035522,26-09-2024 11:04,2002,2125,2125,6332 Open Pasture Ct,Wesley Chapel,FL,33545,Pasco,3,2,1440,No,NULL
PROP - 035524,26-09-2024 11:04,2004,1885,1885,315 Rosemont Ct,Hiram,GA,30141,Paulding,3,2,1411,No,NULL
PROP - 035535,26-09-2024 11:04,2022,2345,2345,6347 W Warner St,Phoenix,AZ,85043,Maricopa,4,2,1800,No,NULL
PROP - 035536,26-09-2024 11:04,1986,1999,1999,2040 Darrel Ln,Lawrenceville,GA,30046,Gwinnett,3,2,1486,No,NULL
PROP - 035529,26-09-2024 11:04,1993,2420,2420,10192 Point View Dr,Jonesboro,GA,30238,Clayton,4,2.5,3138,No,NULL
PROP - 035531,26-09-2024 11:04,2008,1695,1695,205 Randolph Dr,Clayton,NC,27520,Johnston,3,2.5,1250,No,NULL
PROP - 035552,26-09-2024 11:04,2014,2930,2930,6837 San Luis Trl,Fort Worth,TX,76131,Tarrant,3,2,2458,No,NULL
PROP - 035559,26-09-2024 11:04,2003,2625,2625,9078 Fenmore Cv,Cordova,TN,38016,Shelby,4,2,2899,No,NULL
PROP - 035561,26-09-2024 11:04,2021,2105,2105,228 Chelsea Park Rd,Chelsea,AL,35043,Shelby,4,2.5,1821,No,NULL
PROP - 035564,26-09-2024 11:04,1994,2525,2525,913 NE Bryant Dr,Lees Summit,MO,64086,Jackson,4,2.5,2238,No,NULL
PROP - 035574,26-09-2024 11:04,2003,1870,1870,3590 Village Pkwy,Douglasville,GA,30135,Douglas,3,2,1521,No,NULL
PROP - 035585,26-09-2024 11:04,2022,2620,2620,505 Mariposa Ln,McDonough,GA,30253,Henry,4,2.5,2408,No,NULL
PROP - 035587,26-09-2024 11:04,1987,2325,2325,2650 Green Meadow Ln NE,Marietta,GA,30066,Cobb,4,2,1668,No,NULL
PROP - 035588,26-09-2024 11:04,2022,2135,2135,5417 Ladytown Lane,Fort Worth,TX,76036,Tarrant,3,2,1589,No,NULL
PROP - 035590,26-09-2024 11:04,2000,1995,1995,16190 W Young St,Surprise,AZ,85374,Maricopa,3,3,1889,No,NULL
PROP - 035596,26-09-2024 11:04,1995,2100,2100,4713 Chouteau St,Shawnee,KS,66226,Johnson,3,2.5,1698,No,NULL
PROP - 035629,26-09-2024 11:04,2002,1860,1860,15810 N 162nd Ln,Surprise,AZ,85374,Maricopa,4,2,1884,No,NULL
PROP - 035611,26-09-2024 11:04,1980,2050,2050,8520 N 51st Dr,Glendale,AZ,85302,Maricopa,3,2,1631,No,NULL
PROP - 035592,26-09-2024 11:04,2022,1805,1805,1570 Archers Cove Way,Springville,AL,35146,Saint Clair,5,3,2511,No,NULL
PROP - 035593,26-09-2024 11:04,2022,1750,1750,1577 Archers Cove Way,Springville,AL,35146,Saint Clair,3,2.5,2175,No,NULL
PROP - 035566,26-09-2024 11:04,2005,1955,1955,24175 W Tonto St,Buckeye,AZ,85326,Maricopa,4,2,1715,No,NULL
PROP - 035577,26-09-2024 11:04,2015,2230,2230,1205 Ashley Dr,Weatherford,TX,76087,Parker,3,2,1630,No,NULL
PROP - 035545,26-09-2024 11:04,1985,1855,1855,22 Hi Jinx Dr,Lawrenceville,GA,30043,Gwinnett,3,2,1485,No,NULL
PROP - 035474,26-09-2024 11:04,1990,2930,2930,11220 Huxley Ave,Orlando,FL,32837,Orange,3,2,1629,No,NULL
PROP - 035475,26-09-2024 11:04,2017,2499,2499,1700 Reflection Ln,Saint Cloud,FL,34771,Osceola,3,2.5,1867,No,NULL
PROP - 035450,26-09-2024 11:04,1995,2215,2215,7157 E Juanita Ave,Mesa,AZ,85209,Maricopa,3,2,1632,No,NULL
PROP - 035443,26-09-2024 11:04,2000,1880,1880,1272 Saint Andrews Dr,Murfreesboro,TN,37128,Rutherford,3,2,1224,No,NULL
PROP - 035352,26-09-2024 11:04,2018,2270,2270,13410 Frio Parke,San Antonio,TX,78254,Bexar,4,3,2552,No,NULL
PROP - 035349,26-09-2024 11:04,2021,2215,2215,744 Yellow Birch Ln,Conroe,TX,77304,Montgomery,4,3,2121,No,NULL
PROP - 035347,26-09-2024 11:04,2001,1650,1650,113 Macon Ct,Calera,AL,35040,Shelby,3,2,1472,No,NULL
PROP - 035390,26-09-2024 11:04,2022,1825,1825,44575 W Palo Cedro Rd,Maricopa,AZ,85138,Pinal,3,2,1611,No,NULL
PROP - 035398,26-09-2024 11:04,2022,2245,2245,6344 W Warner St,Phoenix,AZ,85043,Maricopa,4,2,1800,No,NULL
PROP - 035400,26-09-2024 11:04,2005,2250,2250,75 Brookvalley Ct W,Dallas,GA,30157,Paulding,3,2.5,2194,No,NULL
PROP - 034539,26-09-2024 11:04,2001,1950,1950,1372 E Vernoa St,San Tan Valley,AZ,85140,Pinal,4,2,1606,No,NULL
PROP - 034136,26-09-2024 11:04,2021,2399,2399,5383 Arlington River Dr,Lakeland,FL,33811,Polk,4,2,1898,No,NULL
PROP - 034137,26-09-2024 11:04,2017,2165,2165,75075 Morning Glen Ct,Yulee,FL,32097,Nassau,4,2,1856,No,NULL
PROP - 034138,26-09-2024 11:04,2015,1899,1899,30962 Satinleaf Run,Brooksville,FL,34602,Hernando,3,2,1401,No,NULL
PROP - 034140,26-09-2024 11:04,2007,2290,2290,4250 Chads Park Dr,Powder Springs,GA,30127,Cobb,5,3,2521,No,NULL
PROP - 034530,26-09-2024 11:04,2003,1999,1999,2090 Old Cahaba Pl,Helena,AL,35080,Shelby,3,3,1951,No,NULL
PROP - 033936,26-09-2024 11:04,1999,2235,2235,2629 McGuire Dr NW,Kennesaw,GA,30144,Cobb,3,2.5,2105,No,NULL
PROP - 033591,26-09-2024 11:04,2004,2265,2265,6724 Cambridge Park Dr,Apollo Beach,FL,33572,Hillsborough,3,2,1956,No,NULL
PROP - 033611,26-09-2024 11:04,1982,2160,2160,1427 W Mohawk Ln,Phoenix,AZ,85027,Maricopa,3,2,1120,No,NULL
PROP - 033931,26-09-2024 11:04,1983,2520,2520,11030 Losco Junction Dr,Jacksonville,FL,32257,Duval,3,2,1811,No,NULL
PROP - 033314,26-09-2024 11:04,2007,1949,1949,7429 W St Catherine Ave,Laveen,AZ,85339,Maricopa,3,2,1914,No,NULL
PROP - 033322,26-09-2024 11:04,2007,2055,2055,532 E Harvest Rd,San Tan Valley,AZ,85140,Pinal,3,2.5,1759,No,NULL
PROP - 033384,26-09-2024 11:04,2004,2590,2590,103 S Vesper Bend Cir,Spring,TX,77382,Montgomery,4,2.5,2552,No,NULL
PROP - 033390,26-09-2024 11:04,2012,2525,2525,7411 Durango Creek Dr,Magnolia,TX,77354,Montgomery,4,2.5,2640,No,NULL
PROP - 033391,26-09-2024 11:04,2008,2175,2175,3442 Imperial Manor Way,Mulberry,FL,33860,Polk,4,2,1851,No,NULL
PROP - 033435,26-09-2024 11:04,1999,2675,2675,47 Hunters Xing,Dallas,GA,30157,Paulding,4,2.5,2581,No,NULL
PROP - 033461,26-09-2024 11:04,2019,2600,2600,4034 Silverstream Ter,Sanford,FL,32771,Seminole,4,2,1846,No,NULL
PROP - 033517,26-09-2024 11:04,2004,2060,2060,3219 W Saint Kateri Dr,Phoenix,AZ,85041,Maricopa,3,2,1337,No,NULL
PROP - 033532,26-09-2024 11:04,2002,2000,2000,2214 Trey Rogillios Way,Conroe,TX,77304,Montgomery,4,2,2036,No,NULL
PROP - 034776,26-09-2024 11:04,2005,2395,2395,4231 Preserve Trl,Snellville,GA,30039,Gwinnett,5,3,2786,No,NULL
PROP - 034737,26-09-2024 11:04,2017,2255,2255,94 Balsam Fir Pl,Clayton,NC,27520,Johnston,3,2.5,1574,No,NULL
PROP - 034713,26-09-2024 11:04,2021,2370,2370,1843 Woodsley Ct,Loganville,GA,30052,Walton,3,2.5,2235,No,NULL
PROP - 034704,26-09-2024 11:04,2007,2285,2285,8984 W Bremen St,Peoria,AZ,85382,Maricopa,3,2,1301,No,NULL
PROP - 034644,26-09-2024 11:04,2022,2345,2345,2309 Astapor,Little Elm,TX,75068,Denton,3,2,1585,No,NULL
PROP - 034648,26-09-2024 11:04,2004,1770,1770,6305 Settlers Square Ln,Katy,TX,77449,Harris,3,2.5,1560,No,NULL
PROP - 034616,26-09-2024 11:04,2021,2115,2115,289 Chelsea Park Rd,Chelsea,AL,35043,Shelby,4,2.5,1821,No,NULL
PROP - 034663,26-09-2024 11:04,2006,1925,1925,852 Poncho Ln,Haslet,TX,76052,Tarrant,3,2,1178,No,NULL
PROP - 035327,26-09-2024 11:04,2015,2320,2320,12834 Lone Star Leaf,San Antonio,TX,78253,Bexar,4,2,2272,No,NULL
PROP - 035328,26-09-2024 11:04,2017,2265,2265,4201 May Apple Ln,Atlanta,GA,30349,Fulton,4,2.5,1865,No,NULL
PROP - 035329,26-09-2024 11:04,2022,2175,2175,1548 Forkhorn Dr,Monroe,NC,28110,Union,5,2.5,2213,No,NULL
PROP - 035343,26-09-2024 11:04,2004,2420,2420,318 Stone Valley Xing,Canton,GA,30114,Cherokee,4,2.5,2098,No,NULL
PROP - 034938,26-09-2024 11:04,2022,2465,2465,10108 Poinsett Way,Fort Worth,TX,76108,Tarrant,4,2,1587,No,NULL
PROP - 034935,26-09-2024 11:04,2021,1949,1949,232 Chelsea Park Rd,Chelsea,AL,35043,Shelby,3,2.5,1636,No,NULL
PROP - 034919,26-09-2024 11:04,2012,2105,2105,1017 Garden Web Rd,Indian Trail,NC,28079,Union,3,2.5,1627,No,NULL
PROP - 034921,26-09-2024 11:04,1996,2080,2080,502 S 86th Pl,Mesa,AZ,85208,Maricopa,4,2,1460,No,NULL
PROP - 034880,26-09-2024 11:04,2005,2350,2350,1822 Madison Ivy Cir,Apopka,FL,32712,Orange,3,2,1704,No,NULL
PROP - 034853,26-09-2024 11:04,2022,2425,2425,5880 Bullock Pl,Saint Cloud,FL,34771,Osceola,3,2,1662,No,NULL
PROP - 034818,26-09-2024 11:04,2006,2599,2599,17 Gardenia Ln,Dallas,GA,30132,Paulding,5,3,3287,No,NULL
PROP - 034849,26-09-2024 11:04,1992,2300,2300,6826 Andrews Rd,Memphis,TN,38135,Shelby,4,2,1699,No,NULL
PROP - 034812,26-09-2024 11:04,1994,2265,2265,4713 Ashley Way,Hermitage,TN,37076,Davidson,4,2,1800,No,NULL
PROP - 035627,26-09-2024 11:04,2004,1895,1895,10714 Shaenpath,San Antonio,TX,78254,Bexar,3,2,2068,No,NULL
PROP - 036407,26-09-2024 11:04,2017,2155,2155,605 Post Knl,Griffin,GA,30224,Spalding,3,2,1608,No,NULL
PROP - 036647,26-09-2024 11:04,2022,2350,2350,2812 Palatino Ln,Tavares,FL,32778,Lake,3,2,1672,No,NULL
PROP - 037355,26-09-2024 11:04,1994,2110,2110,12429 W Virginia Ave,Avondale,AZ,85392,Maricopa,3,2,1804,No,NULL
PROP - 037356,26-09-2024 11:04,2008,2499,2499,2746 Falcon Crest Pl,Lake Mary,FL,32746,Seminole,4,2.5,1570,No,NULL
PROP - 037714,26-09-2024 11:04,2022,2310,2310,3839 Spruce Creek Dr,Lakeland,FL,33811,Polk,3,2,1884,No,NULL
PROP - 037476,26-09-2024 11:04,1982,2420,2420,2648 E Harmony Ave,Mesa,AZ,85204,Maricopa,3,2,1343,No,NULL
PROP - 037488,26-09-2024 11:04,2017,2699,2699,13302 Colorado Parke,San Antonio,TX,78254,Bexar,5,2.5,2560,No,NULL
PROP - 038405,26-09-2024 11:04,1994,2050,2050,9485 Club Walk Ct,Arlington,TN,38002,Shelby,3,2.5,2099,No,NULL
PROP - 038535,26-09-2024 11:04,2006,2085,2085,6980 Wirevine Dr,Brooksville,FL,34602,Hernando,3,2,1925,No,NULL
PROP - 038417,26-09-2024 11:04,2005,2049,2049,21095 N Leona Blvd,Maricopa,AZ,85138,Pinal,4,3,2265,No,NULL
PROP - 038652,26-09-2024 11:04,1993,1650,1650,110 Hampton Dr,Dallas,GA,30132,Paulding,4,2,1104,No,NULL
PROP - 038898,26-09-2024 11:04,2001,2135,2135,5931 N 68th Ave,Glendale,AZ,85303,Maricopa,3,2,1343,No,NULL
PROP - 038899,26-09-2024 11:04,2003,2135,2135,16240 W Mauna Loa Ln,Surprise,AZ,85379,Maricopa,4,2,1767,No,NULL
PROP - 038901,26-09-2024 11:04,2000,1935,1935,12241 W Aster Dr,El Mirage,AZ,85335,Maricopa,4,2,1832,No,NULL
PROP - 038792,26-09-2024 11:04,2005,1485,1485,4314 Ravenwood Park W,Horn Lake,MS,38637,Desoto,3,2,1239,No,NULL
PROP - 038789,26-09-2024 11:04,1986,1740,1740,10230 Aurora Fld,San Antonio,TX,78245,Bexar,3,2.5,1175,No,NULL
PROP - 039174,26-09-2024 11:04,2022,2299,2299,535 Wild Rose Ln,Jacksonville,FL,32218,Duval,4,2,2003,No,NULL
PROP - 039227,26-09-2024 11:04,2003,2080,2080,3458 Hardwood Dr,Murfreesboro,TN,37129,Rutherford,3,2,1603,No,NULL
PROP - 039159,26-09-2024 11:04,1993,1815,1815,206 Brookside Dr,Dallas,GA,30132,Paulding,3,2.5,1200,No,NULL
PROP - 039378,26-09-2024 11:04,2019,1799,1799,12018 Silver Hts,San Antonio,TX,78254,Bexar,3,2.5,1705,No,NULL
PROP - 039381,26-09-2024 11:04,2001,2085,2085,863 Narrows Point Dr,Birmingham,AL,35242,Shelby,3,2,1816,No,NULL
PROP - 039384,26-09-2024 11:04,2022,2500,2500,812 Royal Red Ct,McDonough,GA,30253,Henry,4,2.5,2622,No,NULL
PROP - 039365,26-09-2024 11:04,1990,1850,1850,310 Summer Dr,Smyrna,TN,37167,Rutherford,3,2,1270,No,NULL
PROP - 039293,26-09-2024 11:04,1992,2600,2600,2551 Logandale Dr,Orlando,FL,32817,Orange,3,2,1699,No,NULL
PROP - 039644,26-09-2024 11:04,2002,2115,2115,2086 Ansley Park N,Southaven,MS,38672,Desoto,4,3,2170,No,NULL
PROP - 039711,26-09-2024 11:04,2005,2055,2055,4538 W Burgess Ln,Laveen,AZ,85339,Maricopa,3,2.5,2155,No,Leased
PROP - 039708,26-09-2024 11:04,2007,2625,2625,4995 Ballard Brook Cv,Memphis,TN,38135,Shelby,4,2.5,2775,No,NULL
PROP - 039744,26-09-2024 11:04,2004,2240,2240,5208 Rockridge Ct,Antioch,TN,37013,Davidson,4,3,1750,No,NULL
PROP - 040341,26-09-2024 11:04,2005,1705,1705,9079 William Paul Dr,Olive Branch,MS,38654,Desoto,3,2,1518,No,NULL
PROP - 039820,26-09-2024 11:04,2004,1800,1800,8809 Wayne St,Aubrey,TX,76227,Denton,3,2,1207,No,NULL
PROP - 040397,26-09-2024 11:04,2022,1675,1675,219 Alder Laurels Cv,Magnolia,TX,77354,Montgomery,3,2,1270,No,NULL
PROP - 040394,26-09-2024 11:04,2022,1935,1935,223 Alder Laurels Cv,Magnolia,TX,77354,Montgomery,4,2.5,1841,No,NULL
PROP - 040776,26-09-2024 11:04,2022,1620,1620,9919 Spotted Rose,San Antonio,TX,78254,Bexar,3,2,1180,No,NULL
PROP - 041631,26-09-2024 11:04,2022,1945,1945,519 Amelia Ct,Villa Rica,GA,30180,Douglas,4,2.5,1744,No,NULL
PROP - 041911,26-09-2024 11:04,2022,2215,2215,18984 W Laurel Ln,Surprise,AZ,85388,Maricopa,4,3,2192,No,NULL
PROP - 045201,26-09-2024 11:04,2022,1599,1599,13302 Savory Pl,Saint Hedwig,TX,78152,Bexar,3,2,1217,No,NULL
PROP - 045527,26-09-2024 11:04,2022,2135,2135,17049 W El Caminito Dr,Waddell,AZ,85355,Maricopa,3,2,1764,No,NULL
PROP - 033846,26-09-2024 11:04,1997,1955,1955,240 Warwick Ln,Alabaster,AL,35007,Shelby,3,2.5,2142,No,NULL
PROP - 033875,26-09-2024 11:04,2004,1949,1949,8604 Muir Dr,Keller,TX,76244,Tarrant,3,2,1308,No,NULL
PROP - 033621,26-09-2024 11:04,2005,1855,1855,17649 W Banff Ln,Surprise,AZ,85388,Maricopa,3,2.5,1578,No,NULL
PROP - 033628,26-09-2024 11:04,1997,2470,2470,13336 Aventide Ln,Alpharetta,GA,30004,Fulton,3,2.5,1696,No,NULL
PROP - 033635,26-09-2024 11:04,2021,2099,2099,9610 Tupelo Holw,San Antonio,TX,78254,Bexar,4,2,1703,No,NULL
PROP - 033653,26-09-2024 11:04,2005,2495,2495,2461 Merry Rd,Tavares,FL,32778,Lake,3,2,1792,Yes,NULL
PROP - 032924,26-09-2024 11:04,1999,2310,2310,3009 Octavia Cir,Marietta,GA,30062,Cobb,3,2,1269,No,NULL
PROP - 032942,26-09-2024 11:04,2006,2380,2380,7406 Lake Front Trl,Arlington,TX,76002,Tarrant,3,2,1818,No,NULL
PROP - 032945,26-09-2024 11:04,1996,2215,2215,5912 Fawn Meadow Trl,Arlington,TX,76017,Tarrant,3,2,1584,No,NULL
PROP - 032950,26-09-2024 11:04,2007,2199,2199,327 Red Kite Dr,Groveland,FL,34736,Lake,3,2,1752,No,NULL
PROP - 032983,26-09-2024 11:04,2005,1749,1749,22267 W Sonora St,Buckeye,AZ,85326,Maricopa,3,2,1424,No,NULL
PROP - 033011,26-09-2024 11:04,1996,1980,1980,169 Saint Charles Dr,Helena,AL,35080,Shelby,3,2,2086,No,NULL
PROP - 033020,26-09-2024 11:04,2006,2345,2345,301 Regal Ct,Royse City,TX,75189,Collin,4,2,1821,No,NULL
PROP - 033026,26-09-2024 11:04,2007,2290,2290,11026 S Auden Cir,Missouri City,TX,77459,Fort Bend,4,2.5,2437,No,NULL
PROP - 033034,26-09-2024 11:04,2005,2045,2045,21706 Prairie Spring Ln,Spring,TX,77379,Harris,4,2,1657,No,NULL
PROP - 033037,26-09-2024 11:04,1998,2620,2620,1423 Stella Dr,Lewisville,TX,75067,Denton,3,2,1503,No,NULL
PROP - 033044,26-09-2024 11:04,2004,2215,2215,326 Downing Creek Trl,Canton,GA,30114,Cherokee,3,2,1553,No,NULL
PROP - 033056,26-09-2024 11:04,2011,2320,2320,171 Prairie Falcon Dr,Groveland,FL,34736,Lake,3,2,1758,No,NULL
PROP - 033088,26-09-2024 11:04,2008,2800,2800,3248 Torio,Grand Prairie,TX,75054,Tarrant,4,2.5,2387,No,NULL
PROP - 032795,26-09-2024 11:04,1987,2700,2700,1028 Burnett St,Oviedo,FL,32765,Seminole,3,3,1721,No,NULL
PROP - 032837,26-09-2024 11:04,2006,1870,1870,12303 Bristol Creek Dr,Jacksonville,FL,32218,Duval,3,2,1855,No,NULL
PROP - 032840,26-09-2024 11:04,1997,2050,2050,10439 E Bramble Ave,Mesa,AZ,85208,Maricopa,3,2,1190,No,NULL
PROP - 033096,26-09-2024 11:04,1990,2625,2625,2702 Kingswood Ct,Arlington,TX,76001,Tarrant,3,2,2290,No,NULL
PROP - 033150,26-09-2024 11:04,1986,2380,2380,4116 Caldwell Ave,The Colony,TX,75056,Denton,3,2,1620,No,NULL
PROP - 033153,26-09-2024 11:04,2019,2265,2265,45 Riley Ct,Bethlehem,GA,30620,Barrow,4,2.5,2440,No,NULL
PROP - 033156,26-09-2024 11:04,1996,2140,2140,245 Lake Forest Dr,La Vergne,TN,37086,Rutherford,4,2,1861,No,NULL
PROP - 033157,26-09-2024 11:04,1990,2005,2005,5210 Livermore Dr,Arlington,TX,76017,Tarrant,3,2,1388,No,NULL
PROP - 033168,26-09-2024 11:04,2005,2810,2810,1468 Red Wolf Dr,Rockwall,TX,75087,Rockwall,4,3,2835,No,NULL
PROP - 033183,26-09-2024 11:04,1996,1899,1899,11921 Song Sparrow Ln,Charlotte,NC,28269,Mecklenburg,3,2,1294,No,NULL
PROP - 033189,26-09-2024 11:04,1986,2530,2530,34 Shallow Pond Pl,Spring,TX,77381,Montgomery,4,2.5,2062,No,NULL
PROP - 033194,26-09-2024 11:04,2001,1830,1830,6940 Red Bone Way,Lithonia,GA,30038,DeKalb,4,2.5,1494,No,NULL
PROP - 033252,26-09-2024 11:04,2001,2260,2260,703 Manor Ridge Dr,Loganville,GA,30052,Gwinnett,3,2,1488,No,NULL
PROP - 036465,26-09-2024 11:04,1991,2975.34,2975.34,4925 Marcus Dr,Flower Mound,TX,75028,Denton,3,2,1468,No,NULL
PROP - 036452,26-09-2024 11:04,2022,2229.38,2229.38,537 Cactus Drive,Conroe,TX,77385,Montgomery,4,2.5,1994,No,NULL
PROP - 036456,26-09-2024 11:04,2005,1860,1860,100 N 238th Ln,Buckeye,AZ,85396,Maricopa,3,2,1610,No,NULL
PROP - 036457,26-09-2024 11:04,1986,1995,1995,943 Barbara Lynn Dr,Collierville,TN,38017,Shelby,3,2,1299,No,NULL
PROP - 034143,26-09-2024 11:04,1996,2040,2040,2104 Amberley Woods Ter,Helena,AL,35080,Shelby,3,2.5,1769,No,NULL
PROP - 034570,26-09-2024 11:04,1985,2160,2160,4819 E Fairfield St,Mesa,AZ,85205,Maricopa,3,2,1200,No,NULL
PROP - 034576,26-09-2024 11:04,1993,2060,2060,6334 Baird Ln,Memphis,TN,38135,Shelby,3,2,2099,No,NULL
PROP - 034584,26-09-2024 11:04,1997,2125,2125,495 Saddle Shoals Dr,Lawrenceville,GA,30046,Gwinnett,3,2.5,1626,No,NULL
PROP - 034586,26-09-2024 11:04,2006,2380,2380,143 Prairie Falcon Dr,Groveland,FL,34736,Lake,3,2,1922,No,NULL
PROP - 035369,26-09-2024 11:04,2017,1925,1925,1820 Trace Dr,Aubrey,TX,76227,Denton,3,2,1624,No,NULL
PROP - 035380,26-09-2024 11:04,1994,2320,2320,5295 Annandale Dr,Memphis,TN,38125,Shelby,4,2.5,2699,No,NULL
PROP - 035383,26-09-2024 11:04,2015,2795,2795,2939 Nicholas Cv,New Braunfels,TX,78130,Comal,4,3,2737,No,NULL
PROP - 035384,26-09-2024 11:04,1998,2350,2350,1240 Wandering Vine Ct SE,Mableton,GA,30126,Cobb,3,2,1787,No,NULL
PROP - 035386,26-09-2024 11:04,2006,2195,2195,19551 Timberbluff Dr,Land O Lakes,FL,34638,Pasco,3,2.5,1719,No,NULL
PROP - 041780,26-09-2024 11:04,2022,1650,1650,10030 Side Oats,San Antonio,TX,78254,Bexar,3,2,1151,No,NULL
PROP - 046433,26-09-2024 11:04,2022,2199,2199,24460 N 166th Ave,Surprise,AZ,85387,Maricopa,4,3,2025,No,NULL
PROP - 032969,26-09-2024 11:04,1979,2290,2290,1725 W Wescott Dr,Phoenix,AZ,85027,Maricopa,3,2,1302,No,NULL
PROP - 033407,26-09-2024 11:04,1987,2320,2320,1129 Seneca Pl,Lewisville,TX,75067,Denton,3,2,1517,No,NULL
PROP - 033416,26-09-2024 11:04,2002,1980,1980,13001 N 130th Ln,El Mirage,AZ,85335,Maricopa,3,2,1138,No,NULL
PROP - 034141,26-09-2024 11:04,2016,2370,2370,1215 Joslin Path,Douglasville,GA,30134,Douglas,3,2.5,2214,No,NULL
PROP - 033417,26-09-2024 11:04,2003,2445,2445,7733 E Albany St,Mesa,AZ,85207,Maricopa,3,3,1892,No,NULL
PROP - 033418,26-09-2024 11:04,2020,2055,2055,14232 W Willow Ave,Surprise,AZ,85379,Maricopa,3,2,1324,No,NULL
PROP - 033410,26-09-2024 11:04,2003,2220,2220,17275 W Durango St,Goodyear,AZ,85338,Maricopa,3,2,1446,No,NULL
PROP - 033408,26-09-2024 11:04,2015,2085,2085,1723 Warmingfield Dr,Murfreesboro,TN,37127,Rutherford,3,2.5,1650,No,NULL
PROP - 033406,26-09-2024 11:04,2002,1865,1865,11434 Alcott Dr,Montgomery,TX,77356,Montgomery,3,2,1510,No,NULL
PROP - 032828,26-09-2024 11:04,2018,2100,2100,6225 W Laurie Ln,Glendale,AZ,85302,Maricopa,3,2,1578,No,NULL
PROP - 032971,26-09-2024 11:04,2010,2320,2320,2250 Whitney Dr,Weatherford,TX,76087,Parker,3,2,1924,No,NULL
PROP - 032968,26-09-2024 11:04,2018,2330,2330,3120 Garden Valley Ct,Royse City,TX,75189,Rockwall,4,2,2046,No,NULL
PROP - 035382,26-09-2024 11:04,2021,1985,1985,75012 Trestle Ct,Yulee,FL,32097,Nassau,4,2,1490,No,NULL
PROP - 034568,26-09-2024 11:04,1998,2680,2680,4112 Helena Bay Ct,Hermitage,TN,37076,Davidson,3,3,2457,No,NULL
PROP - 033270,26-09-2024 11:04,2021,1900,1900,1116 Bulwark Dr,Crosby,TX,77532,Harris,3,2,1773,No,NULL
PROP - 033192,26-09-2024 11:04,1996,2255,2255,2531 S 156th Ave,Goodyear,AZ,85338,Maricopa,3,2.5,1500,No,NULL
PROP - 033250,26-09-2024 11:04,2003,1950,1950,3111 Wellington Pl,Murfreesboro,TN,37128,Rutherford,3,2,1228,No,NULL
PROP - 033169,26-09-2024 11:04,2001,2260,2260,11626 Chriswood Cv,Arlington,TN,38002,Shelby,4,2.5,2099,No,NULL
PROP - 033186,26-09-2024 11:04,2021,2095,2095,1120 Bulwark Dr,Crosby,TX,77532,Harris,4,2.5,2268,No,NULL
PROP - 033182,26-09-2024 11:04,1994,2300,2300,5763 N 77th Ave,Glendale,AZ,85303,Maricopa,3,2,1365,No,NULL
PROP - 033188,26-09-2024 11:04,2021,1960,1960,30414 Butternut Oak Ln,Magnolia,TX,77355,Montgomery,4,2,1787,No,NULL
PROP - 033158,26-09-2024 11:04,2019,1750,1750,24025 Wilde Dr,Magnolia,TX,77355,Montgomery,3,2,1364,No,NULL
PROP - 033154,26-09-2024 11:04,1990,3050,3050,2115 November Ct NW,Acworth,GA,30102,Cobb,5,3,2863,No,NULL
PROP - 033097,26-09-2024 11:04,2016,3030,3030,109 Mineral Point Dr,Aledo,TX,76008,Parker,3,2,2035,No,NULL
PROP - 033094,26-09-2024 11:04,2020,2345,2345,361 Winston Cir,Canton,GA,30114,Cherokee,3,2.5,1863,No,NULL
PROP - 032878,26-09-2024 11:04,2004,1955,1955,8115 Cohosh Ct,Raleigh,NC,27616,Wake,3,2.5,1530,No,NULL
PROP - 032879,26-09-2024 11:04,2021,1949,1949,30151 W Clarendon Ave,Buckeye,AZ,85396,Maricopa,4,3,2258,No,NULL
PROP - 032897,26-09-2024 11:04,2005,2320,2320,2589 Tullamore Cir,Snellville,GA,30039,Gwinnett,4,2.5,1972,No,NULL
PROP - 032898,26-09-2024 11:04,2000,2110,2110,1048 Meadowbrook Ln SW,Concord,NC,28027,Cabarrus,4,2.5,1703,No,NULL
PROP - 032842,26-09-2024 11:04,2006,2165,2165,6921 W Darrel Rd,Laveen,AZ,85339,Maricopa,3,2,1634,No,NULL
PROP - 032836,26-09-2024 11:04,1985,2170,2170,1730 Lakeview Village Dr,Brandon,FL,33510,Hillsborough,3,2,1430,No,NULL
PROP - 032874,26-09-2024 11:04,2021,2295,2295,1278 Delmita Dr,Forney,TX,75126,Kaufman,3,2,2226,No,NULL
PROP - 032875,26-09-2024 11:04,2021,2220,2220,1722 Mountain Echo Drive,Rosenberg,TX,77469,Fort Bend,4,2,1817,No,NULL
PROP - 032877,26-09-2024 11:04,2003,2550,2550,11414 Erwin Ridge Ave,Charlotte,NC,28213,Mecklenburg,5,3,2502,No,NULL
PROP - 032791,26-09-2024 11:04,1980,2205,2205,311 Wiley Ct SW,Marietta,GA,30060,Cobb,3,2,1304,No,NULL
PROP - 032792,26-09-2024 11:04,1982,1895,1895,2504 Wildflower Ln,Snellville,GA,30039,Gwinnett,3,2,1260,No,NULL
PROP - 032798,26-09-2024 11:04,2003,2249,2249,2028 Magna Ln,Indian Trail,NC,28079,Union,3,2.5,1996,No,NULL
PROP - 032807,26-09-2024 11:04,2006,2150,2150,4902 Indian Walk Ln,Arlington,TN,38002,Shelby,3,2.5,2099,No,NULL
PROP - 032724,26-09-2024 11:04,2004,2050,2050,1401 W Fremont Rd,Phoenix,AZ,85041,Maricopa,3,2,1324,No,NULL
PROP - 032725,26-09-2024 11:04,2005,2060,2060,3718 W Nancy Ln,Phoenix,AZ,85041,Maricopa,3,2,1458,No,NULL
PROP - 032735,26-09-2024 11:04,2021,2175,2175,754 Fort Ln,Royse City,TX,75189,Rockwall,4,2,1829,No,NULL
PROP - 032737,26-09-2024 11:04,2017,2675,2675,1808 Trace Dr,Aubrey,TX,76227,Denton,4,2.5,2766,No,NULL
PROP - 032756,26-09-2024 11:04,2001,2190,2190,604 Forest Lakes Dr,Sterrett,AL,35147,Shelby,4,2.5,2023,No,NULL
PROP - 032769,26-09-2024 11:04,2014,1705,1705,1044 Gerry Ct,Concord,NC,28025,Cabarrus,3,2,1208,No,NULL
PROP - 032779,26-09-2024 11:04,2008,1810,1810,2069 Edgewood Dr,Moody,AL,35004,Saint Clair,3,2,1359,No,NULL
PROP - 032781,26-09-2024 11:04,2007,1745,1745,3034 Belmont Dr,Moody,AL,35004,Saint Clair,3,2,1480,No,NULL
PROP - 032784,26-09-2024 11:04,2003,2210,2210,22369 W La Vista Cir,Buckeye,AZ,85326,Maricopa,4,2,1831,No,NULL
PROP - 033070,26-09-2024 11:04,2000,2275,2275,120 Rockhill Dr,Sanford,FL,32771,Seminole,3,2,1462,No,NULL
PROP - 033071,26-09-2024 11:04,1998,2050,2050,1404 Sagestone Ct,Charlotte,NC,28262,Mecklenburg,4,2.5,1752,No,NULL
PROP - 033073,26-09-2024 11:04,2002,2380,2380,3196 Lower Creek Dr,Douglasville,GA,30135,Douglas,5,3,2384,No,NULL
PROP - 033075,26-09-2024 11:04,2007,1925,1925,1703 E Shari St,San Tan Valley,AZ,85140,Pinal,3,2,1450,No,NULL
PROP - 033055,26-09-2024 11:04,2000,2010,2010,11423 Larix Dr,Charlotte,NC,28273,Mecklenburg,3,2,1282,No,NULL
PROP - 033066,26-09-2024 11:04,2017,2299,2299,14209 Arbor Pines Dr,Riverview,FL,33579,Hillsborough,4,2.5,1914,No,NULL
PROP - 033082,26-09-2024 11:04,2004,2730,2730,5379 Lamb Valley Dr,Arlington,TN,38002,Shelby,4,3,2699,No,NULL
PROP - 032695,26-09-2024 11:04,1996,2110,2110,4055 Fairway View Cir E,Memphis,TN,38135,Shelby,3,2,1499,No,NULL
PROP - 032707,26-09-2024 11:04,2021,2110,2110,3053 Stratford Trl,Forney,TX,75126,Kaufman,3,2,1450,No,NULL
PROP - 032719,26-09-2024 11:04,2003,2265,2265,1060 Clairidge Ln,Lawrenceville,GA,30046,Gwinnett,3,2,1810,No,NULL
PROP - 033050,26-09-2024 11:04,1988,2010,2010,1081 Appian Way,Lawrenceville,GA,30046,Gwinnett,3,2,1425,No,NULL
PROP - 033045,26-09-2024 11:04,2004,2415,2415,8512 S 49th Ln,Laveen,AZ,85339,Maricopa,5,3,2182,No,NULL
PROP - 033040,26-09-2024 11:04,1989,1949,1949,7837 Mactavish Way S,Jacksonville,FL,32244,Duval,3,2,1348,No,NULL
PROP - 033036,26-09-2024 11:04,2018,2255,2255,164 Lamont Rd,Anna,TX,75409,Collin,3,2,1619,No,NULL
PROP - 033008,26-09-2024 11:04,1996,2550,2550,1468 Altstatten Ln,Lewisville,TX,75067,Denton,3,2.5,1455,No,NULL
PROP - 033009,26-09-2024 11:04,2000,2120,2120,12103 W Dahlia Dr,El Mirage,AZ,85335,Maricopa,4,2,1832,No,NULL
PROP - 033010,26-09-2024 11:04,2013,1820,1820,11901 Mocking Bird Ln,Montgomery,TX,77356,Montgomery,3,2,1426,No,NULL
PROP - 032984,26-09-2024 11:04,2000,2075,2075,1310 Greyrock Cir,Murfreesboro,TN,37130,Rutherford,3,2,1370,No,NULL
PROP - 032946,26-09-2024 11:04,2018,2450,2450,14122 Covert Green Pl,Riverview,FL,33579,Hillsborough,4,2,1841,No,NULL
PROP - 032943,26-09-2024 11:04,1998,2760,2760,2531 Clareside Dr,Valrico,FL,33596,Hillsborough,3,2,1546,Yes,NULL
PROP - 032944,26-09-2024 11:04,2001,2300,2300,5891 Carrington Ln,Trussville,AL,35173,Jefferson,4,2.5,1967,No,NULL
PROP - 032990,26-09-2024 11:04,1979,2055,2055,8278 Hardwood Cv,Cordova,TN,38016,Shelby,4,2,2099,No,NULL
PROP - 032998,26-09-2024 11:04,2021,2430,2430,4928 Sierra Ridge Dr,Rosenberg,TX,77469,Fort Bend,3,2.5,2386,No,NULL
PROP - 032925,26-09-2024 11:04,2014,2135,2135,1405 Ujamaa Dr,Raleigh,NC,27610,Wake,4,3,1771,No,NULL
PROP - 032926,26-09-2024 11:04,1989,2399,2399,6508 Abercrombie Ct,Orlando,FL,32835,Orange,3,2,1535,No,NULL
PROP - 032920,26-09-2024 11:04,1998,2295,2295,5021 Wolfchase Farms Pkwy,Arlington,TN,38002,Shelby,5,2,2241,No,NULL
PROP - 032930,26-09-2024 11:04,2003,2600,2600,306 Canyon Springs Dr,Allen,TX,75002,Collin,4,2,2277,No,NULL
PROP - 032934,26-09-2024 11:04,1979,2260,2260,750 Joe Wood Cv,Collierville,TN,38017,Shelby,3,2,1699,No,NULL
PROP - 032935,26-09-2024 11:04,1999,2165,2165,6603 W Golden Ln,Glendale,AZ,85302,Maricopa,4,2,1760,No,NULL
PROP - 032649,26-09-2024 11:04,1985,2000,2000,3713 W Wagoner Rd,Glendale,AZ,85308,Maricopa,3,2.5,1480,No,NULL
PROP - 032652,26-09-2024 11:04,1986,2265,2265,1926 Meadowview Ct,Carrollton,TX,75010,Denton,3,2,1314,No,NULL
PROP - 032662,26-09-2024 11:04,1987,1999,1999,3416 Owens Pass NW,Kennesaw,GA,30152,Cobb,3,2,1356,No,NULL
PROP - 031764,26-09-2024 11:04,2022,2356.2,2356.2,3056 Patton Ln,Forney,TX,75126,Kaufman,4,2,1791,No,NULL
PROP - 031765,26-09-2024 11:04,2021,2225,2225,1233 Shackleford Lane,Weatherford,TX,76087,Parker,4,2,2014,No,NULL
PROP - 031896,26-09-2024 11:04,1998,2175,2175,10441 E Balsam Ave,Mesa,AZ,85208,Maricopa,3,2,1540,No,NULL
PROP - 031940,26-09-2024 11:04,2021,2665,2665,1527 Lyonsdale Ln,Sanford,FL,32771,Seminole,3,2,2034,No,NULL
PROP - 032511,26-09-2024 11:04,1983,2430,2430,1650 Clarendon Dr,Lewisville,TX,75067,Denton,4,2,1679,No,NULL
PROP - 032535,26-09-2024 11:04,2006,2650,2650,14860 Bulow Creek Dr,Jacksonville,FL,32258,Duval,4,3,2120,No,NULL
PROP - 032547,26-09-2024 11:04,1979,2060,2060,5135 W Mission Ln,Glendale,AZ,85302,Maricopa,3,2,1632,No,NULL
PROP - 032646,26-09-2024 11:04,1989,2680,2680,1113 Emily Ln,Carrollton,TX,75010,Denton,4,2.5,2100,No,NULL
PROP - 033652,26-09-2024 11:04,2012,2365,2365,152 Saye Pl,Mooresville,NC,28115,Iredell,4,3,2703,No,NULL
PROP - 033656,26-09-2024 11:04,2015,2099,2099,208 Hollyhock Ln,Dallas,GA,30132,Paulding,4,2,1894,No,NULL
PROP - 033627,26-09-2024 11:04,2021,2375,2375,209 N Omega Court,Dallas,GA,30157,Paulding,4,3.5,2404,No,NULL
PROP - 033638,26-09-2024 11:04,2005,2365,2365,6828 W Maldonado Rd,Laveen,AZ,85339,Maricopa,4,2,1894,No,NULL
PROP - 033649,26-09-2024 11:04,1996,2225,2225,16508 Coopers Hawk Ave,Clermont,FL,34714,Lake,4,2,2032,No,NULL
PROP - 033622,26-09-2024 11:04,2004,2680,2680,19314 Otters Wick Way,Land O Lakes,FL,34638,Pasco,3,2,1864,No,NULL
PROP - 033623,26-09-2024 11:04,2017,2010,2010,528 Chesser Reserve Way,Chelsea,AL,35043,Shelby,3,2,1601,No,NULL
PROP - 033618,26-09-2024 11:04,2006,2170,2170,16956 Valiant Oak St,Conroe,TX,77385,Montgomery,4,2.5,2300,No,NULL
PROP - 033873,26-09-2024 11:04,2021,2365,2365,1240 Kerrville Ln,Weatherford,TX,76087,Parker,4,2,1681,No,NULL
PROP - 033874,26-09-2024 11:04,2000,2165,2165,1413 Misty Meadow Dr,Midlothian,TX,76065,Ellis,3,2,1458,No,NULL
PROP - 033865,26-09-2024 11:04,2002,2105,2105,3243 Grand Pines Dr,Lakeland,FL,33810,Polk,3,2,1272,No,NULL
PROP - 033866,26-09-2024 11:04,2016,2395,2395,128 Huntleigh Chase Dr,Dallas,GA,30132,Paulding,4,3,2456,No,NULL
PROP - 033868,26-09-2024 11:04,2021,2125,2125,3113 Dunigan Dr,Royse City,TX,75189,Hunt,4,2,1943,No,NULL
PROP - 033845,26-09-2024 11:04,2003,1899,1899,344 Springbottom Ct,Lawrenceville,GA,30046,Gwinnett,4,2.5,1559,No,NULL
PROP - 033893,26-09-2024 11:04,2018,2280,2280,525 Clearlake Dr,Waxahachie,TX,75165,Ellis,3,2,1991,No,NULL
PROP - 033881,26-09-2024 11:04,1998,2810,2810,6808 Reedy Creek Rd,Charlotte,NC,28215,Mecklenburg,4,3.5,2584,No,NULL
PROP - 033887,26-09-2024 11:04,2013,2190,2190,1406 Beacon Hill Dr,Midlothian,TX,76065,Ellis,3,2,1480,No,NULL
PROP - 033837,26-09-2024 11:04,2021,1940,1940,2331 Chaparrel Cliff Trail,Spring,TX,77373,Harris,3,2,1415,No,NULL
PROP - 033838,26-09-2024 11:04,2003,1955,1955,26849 Kings Crescent Dr,Kingwood,TX,77339,Montgomery,3,2,1824,No,NULL
PROP - 033831,26-09-2024 11:04,1979,2105,2105,5043 W Vogel Ave,Glendale,AZ,85302,Maricopa,3,2,1647,No,NULL
PROP - 033833,26-09-2024 11:04,1993,2055,2055,2587 Appling Crest Dr,Memphis,TN,38133,Shelby,3,2,1299,No,NULL
PROP - 033834,26-09-2024 11:04,1992,1735,1735,2558 Austin Green Bay,Memphis,TN,38133,Shelby,3,2,1299,No,NULL
PROP - 015087,26-09-2024 11:04,2007,2675,2675,2901 Sedgeview Ln,Buford,GA,30519,Gwinnett,5,3,2578,No,NULL
PROP - 038180,26-09-2024 11:04,2022,2610,2610,1521 Brookfield Dr,Waxahachie,TX,75165,Ellis,5,3,2599,No,NULL
PROP - 037465,26-09-2024 11:04,2022,2015,2015,6318 W Illini St,Phoenix,AZ,85043,Maricopa,3,2,1392,No,NULL
PROP - 035620,26-09-2024 11:04,2022,2135,2135,5521 Ladytown Ln,Fort Worth,TX,76036,Tarrant,3,2,1589,No,NULL
PROP - 034817,26-09-2024 11:04,2021,2590,2590,1313 Hutchings Ct,Celina,TX,75009,Collin,4,2,1938,No,NULL
PROP - 034854,26-09-2024 11:04,2004,2264.4,2264.4,2413 W Saint Kateri Dr,Phoenix,AZ,85041,Maricopa,3,2,1750,No,NULL
PROP - 034927,26-09-2024 11:04,1992,1845,1845,2506 Woods Ct,Murfreesboro,TN,37130,Rutherford,3,2,1336,No,NULL
PROP - 034903,26-09-2024 11:04,2021,2110,2110,15511 Crimson Topaz,San Antonio,TX,78253,Bexar,4,2.5,2084,No,NULL
PROP - 035326,26-09-2024 11:04,1994,2320,2320,4816 Keith Dr,Birmingham,AL,35242,Shelby,3,2.5,2174,No,NULL
PROP - 035321,26-09-2024 11:04,2021,2200,2200,973 Juno Ln,Denton,TX,76209,Denton,3,2,1559,No,NULL
PROP - 034657,26-09-2024 11:04,2021,2415,2415,1893 Woodsley Ct,Loganville,GA,30052,Gwinnett,3,2.5,2235,No,NULL
PROP - 034667,26-09-2024 11:04,2001,2290,2290,14250 Williams Glenn Rd,Charlotte,NC,28273,Mecklenburg,3,2.5,1738,No,NULL
PROP - 034619,26-09-2024 11:04,1999,2160,2160,5507 Alta Verde Cir,Arlington,TX,76017,Tarrant,3,2,1311,No,NULL
PROP - 034732,26-09-2024 11:04,1998,1930,1930,9150 Tarnwood Dr,Villa Rica,GA,30180,Carroll,3,2,1635,No,NULL
PROP - 034747,26-09-2024 11:04,2021,2260,2260,6044 Heritage Creek Ln,Conroe,TX,77304,Montgomery,3,2,1801,No,NULL
PROP - 034770,26-09-2024 11:04,2018,2215,2215,334 Lenore Ct,Hiram,GA,30141,Paulding,4,2.5,2425,No,NULL
PROP - 034762,26-09-2024 11:04,2015,1905,1905,12 Canyon Trl SE,Cartersville,GA,30121,Bartow,4,2.5,2031,No,NULL
PROP - 034788,26-09-2024 11:04,1999,1950,1950,843 Saint Andrews Pl,Concord,NC,28025,Cabarrus,3,2.5,1787,No,NULL
PROP - 033520,26-09-2024 11:04,2007,1870,1870,22143 W Lasso Ln,Buckeye,AZ,85326,Maricopa,3,2,1096,No,NULL
PROP - 033585,26-09-2024 11:04,2006,2195,2195,926 River Trail Rd,Lowell,NC,28098,Gaston,4,2.5,2286,No,NULL
PROP - 033589,26-09-2024 11:04,2002,1985,1985,10615 Secret Garden Ln,Charlotte,NC,28214,Mecklenburg,3,2.5,1459,No,NULL
PROP - 033590,26-09-2024 11:04,2011,2185,2185,905 Honey Locust Dr,Rockwall,TX,75087,Rockwall,4,2,2157,No,NULL
PROP - 033459,26-09-2024 11:04,1980,1815,1815,4102 Tanglewood Rd,Snellville,GA,30039,Gwinnett,3,2,1408,No,NULL
PROP - 033467,26-09-2024 11:04,1996,2625,2625,2802 Cross Tie Ln,Matthews,NC,28105,Mecklenburg,4,2.5,2477,No,NULL
PROP - 033514,26-09-2024 11:04,2003,1900,1900,606 Moonwalk St,Montgomery,TX,77356,Montgomery,4,2,1641,No,NULL
PROP - 033515,26-09-2024 11:04,2001,2195,2195,1658 Water Lily Way,Lawrenceville,GA,30045,Gwinnett,3,2,1859,No,NULL
PROP - 033429,26-09-2024 11:04,1987,1935,1935,1712 Red Rose Ln,Loganville,GA,30052,Gwinnett,3,2,1185,No,NULL
PROP - 033392,26-09-2024 11:04,2001,2220,2220,10533 Egret Haven Ln,Riverview,FL,33578,Hillsborough,3,2,1500,No,NULL
PROP - 033420,26-09-2024 11:04,2000,2049,2049,6423 Caymus Dr,Charlotte,NC,28269,Mecklenburg,3,2.5,1700,No,NULL
PROP - 033437,26-09-2024 11:04,2018,2200,2200,611 Sunflower Dr,Canton,GA,30114,Cherokee,4,3,2102,No,NULL
PROP - 033443,26-09-2024 11:04,1992,2015,2015,1701 Running Brook Rd,Charlotte,NC,28214,Mecklenburg,3,2,1438,No,NULL
PROP - 033454,26-09-2024 11:04,2015,2100,2100,8435 Coral Cove Pass Ln,Conroe,TX,77304,Montgomery,4,2,1949,No,NULL
PROP - 033387,26-09-2024 11:04,2003,2300,2300,4129 Capstone Dr,Keller,TX,76244,Tarrant,4,2.5,2505,No,NULL
PROP - 033380,26-09-2024 11:04,2003,2190,2190,7049 Vida Ln,Jacksonville,FL,32222,Duval,3,2,1746,No,NULL
PROP - 033321,26-09-2024 11:04,2004,1965,1965,3828 W Irwin Ave,Phoenix,AZ,85041,Maricopa,3,2,1429,No,NULL
PROP - 033293,26-09-2024 11:04,1997,2040,2040,10241 Patrick Dr,Leesburg,FL,34788,Lake,3,2,1615,No,NULL
PROP - 033298,26-09-2024 11:04,2001,2030,2030,40070 N Costa del Sol Dr,San Tan Valley,AZ,85140,Pinal,3,2,1521,No,NULL
PROP - 033290,26-09-2024 11:04,2021,1850,1850,15918 Truss Ct,Crosby,TX,77532,Harris,3,2,1485,No,NULL
PROP - 033291,26-09-2024 11:04,1995,2300,2300,1756 Edgeburg Ln,Cordova,TN,38016,Shelby,4,2.5,2699,No,NULL
PROP - 033307,26-09-2024 11:04,2002,2185,2185,4410 Millenium View Ct,Snellville,GA,30039,Gwinnett,3,2.5,2035,No,NULL
PROP - 033932,26-09-2024 11:04,2018,2060,2060,49 Minima Ct,Dallas,GA,30132,Paulding,3,3,1801,No,NULL
PROP - 033929,26-09-2024 11:04,2005,2099,2099,3906 Pine Village Pl,Loganville,GA,30052,Gwinnett,3,2,1565,No,NULL
PROP - 033897,26-09-2024 11:04,2021,2035,2035,23222 Barberry Creek Trl,Spring,TX,77373,Harris,3,2,1415,No,NULL
PROP - 033605,26-09-2024 11:04,2013,1740,1740,30903 W Lost Creek Blvd,Magnolia,TX,77355,Montgomery,3,2,1589,No,NULL
PROP - 033596,26-09-2024 11:04,2016,2310,2310,5079 Manning Dr,Douglasville,GA,30135,Douglas,4,2.5,2422,No,NULL
PROP - 033600,26-09-2024 11:04,1987,2210,2210,1510 Belle Oaks Dr,Murfreesboro,TN,37130,Rutherford,3,2,1700,No,NULL
PROP - 033934,26-09-2024 11:04,1992,2500,2500,1827 Spreakley Ct,Orlando,FL,32837,Orange,3,2,1219,No,NULL
PROP - 034543,26-09-2024 11:04,2013,2075,2075,3778 Cornerstone Ln,Lakeland,FL,33813,Polk,3,2,1622,No,NULL
PROP - 034548,26-09-2024 11:04,1996,2095,2095,31118 Baker Lake Dr,Spring,TX,77386,Montgomery,3,2,2009,No,NULL
PROP - 035350,26-09-2024 11:04,2021,2260,2260,949 Golden Willow Ln,Conroe,TX,77304,Montgomery,4,3,2121,No,NULL
PROP - 035423,26-09-2024 11:04,2021,2260,2260,75019 Trestle Ct,Yulee,FL,32097,Nassau,4,2,1490,No,NULL
PROP - 035527,26-09-2024 11:04,2022,2545,2545,3063 Eastcott Ave,Monroe,NC,28110,Union,4,2.5,2178,No,NULL
PROP - 034593,26-09-2024 11:04,2021,2180,2180,1704 New Holland Way,McKinney,TX,75071,Collin,3,2,1517,No,NULL
PROP - 033613,26-09-2024 11:04,2014,2575,2575,15932 Bainebridge Dr,Jacksonville,FL,32218,Duval,4,2,2152,No,NULL
PROP - 033308,26-09-2024 11:04,2001,2425,2425,4254 Leslie Lee Cir,Snellville,GA,30039,Gwinnett,4,2.5,2514,No,NULL
PROP - 033456,26-09-2024 11:04,2016,2090,2090,210 Magnolia Dr,Princeton,TX,75407,Collin,3,2,1619,No,NULL
PROP - 034603,26-09-2024 11:04,2021,2420,2420,1804 New Holland Way,McKinney,TX,75071,Collin,3,2,1418,No,NULL
PROP - 034662,26-09-2024 11:04,2022,2175,2175,5120 Twin Summit Drive,Rosenberg,TX,77471,Fort Bend,4,2,1932,No,NULL
PROP - 034664,26-09-2024 11:04,2021,2425,2425,1110 Old Oaks Dr,Forney,TX,75126,Kaufman,4,2.5,2249,No,NULL
PROP - 034679,26-09-2024 11:04,2021,2475,2475,9426 Thornbluff Creek Ct,Porter,TX,77365,Montgomery,4,2.5,2732,No,NULL
PROP - 038311,26-09-2024 11:04,2021,2525,2525,1102 Old Oaks Dr,Forney,TX,75126,Kaufman,4,2.5,2232,No,NULL
PROP - 039804,26-09-2024 11:04,1987,2420,2420,2660 Ashley Dr S,Marietta,GA,30064,Cobb,4,2.5,1918,No,NULL
PROP - 039809,26-09-2024 11:04,2005,2325,2325,25592 W Crown King Rd,Buckeye,AZ,85326,Maricopa,4,3,2485,No,NULL
PROP - 039754,26-09-2024 11:04,2021,1930,1930,419 Hopi Ln,Villa Rica,GA,30180,Carroll,4,3,1811,No,NULL
PROP - 039814,26-09-2024 11:04,2008,1949,1949,400 Tate Dr,Oakland,TN,38060,Fayette,4,2.5,1899,No,NULL
PROP - 044787,26-09-2024 11:04,2022,2190,2190,1345 Deutz Dr,Locust Grove,GA,30248,Henry,4,2.5,2572,No,NULL
PROP - 045492,26-09-2024 11:04,2022,1915,1915,8420 Fawn Creek Dr,Fort Worth,TX,76123,Tarrant,3,2,1271,No,NULL
PROP - 043897,26-09-2024 11:04,2022,1745,1745,2982 Wallace Wells Ct,Crandall,TX,75114,Kaufman,3,2,1239,No,NULL
PROP - 044632,26-09-2024 11:04,2022,2010,2010,1267 Fendt Dr,Locust Grove,GA,30248,Henry,3,2,2016,No,NULL
PROP - 044324,26-09-2024 11:04,2022,2055,2055,8416 Bell Ridge Ln,Fort Worth,TX,76123,Tarrant,4,2,1679,No,NULL
PROP - 043414,26-09-2024 11:04,2022,1995,1995,1109 Amadas Dr,Locust Grove,GA,30248,Henry,3,2,2016,No,NULL
PROP - 043416,26-09-2024 11:04,2022,2160,2160,1117 Amadas Dr,Locust Grove,GA,30248,Henry,4,2,2226,No,NULL
PROP - 046066,26-09-2024 11:04,2022,2049,2049,8421 Bell Ridge Ln,Fort Worth,TX,76123,Tarrant,3,2,1487,No,NULL
PROP - 043315,26-09-2024 11:04,2022,2050,2050,2209 Basil Ave,Anna,TX,75409,Collin,4,2,1865,No,NULL
PROP - 041633,26-09-2024 11:04,2022,2170,2170,2200 Basil Ave,Anna,TX,75409,Collin,4,2,1865,No,NULL
PROP - 041544,26-09-2024 11:04,2022,2285,2285,2120 Basil Ave,Anna,TX,75409,Collin,4,2,1949,No,NULL
PROP - 041562,26-09-2024 11:04,2022,2185,2185,500 Amory St,Azle,TX,76020,Tarrant,4,2,2079,No,NULL
PROP - 041522,26-09-2024 11:04,2022,2150,2150,2112 Basil Ave,Anna,TX,75409,Collin,4,2,1875,No,NULL
PROP - 041772,26-09-2024 11:04,2022,2040,2040,809 Athens Ln,Locust Grove,GA,30248,Henry,3,2,2016,No,NULL
PROP - 041768,26-09-2024 11:04,2022,1960,1960,1129 Amadas Dr,Locust Grove,GA,30248,Henry,3,2,2016,No,NULL
PROP - 041493,26-09-2024 11:04,2022,2360,2360,2309 Waggoner Ranch Dr,Weatherford,TX,76087,Parker,3,2,1676,No,NULL
PROP - 040730,26-09-2024 11:04,2022,1875,1875,3121 Helix Bay Dr,Crandall,TX,75114,Kaufman,3,2,1440,No,NULL
PROP - 040726,26-09-2024 11:04,2022,1645,1645,5333 Basil Chase,Saint Hedwig,TX,78152,Bexar,3,2,1474,No,NULL
PROP - 040460,26-09-2024 11:04,2022,1475,1475,6203 Rainbow Row,Pell City,AL,35128,Saint Clair,4,2.5,1762,No,NULL
PROP - 015094,26-09-2024 11:04,2005,2130,2130,16168 W Mescal St,Surprise,AZ,85379,Maricopa,3,2,1822,No,NULL
PROP - 015100,26-09-2024 11:04,2013,2375,2375,108 Antler Trl,Forney,TX,75126,Kaufman,4,2,2250,No,NULL
PROP - 015102,26-09-2024 11:04,2005,1930,1930,10835 Tobar Falls Cir,Houston,TX,77064,Harris,4,2.5,2191,No,NULL
PROP - 015283,26-09-2024 11:04,2002,2775,2775,501 Valarie Ln,Midlothian,TX,76065,Ellis,4,2.5,2468,No,NULL
PROP - 014971,26-09-2024 11:04,2018,2215,2215,6265 Spokane Dr,Fort Worth,TX,76179,Tarrant,4,2,1830,No,NULL
PROP - 014972,26-09-2024 11:04,1994,2550,2550,2041 Crosscreek Ct,Oviedo,FL,32766,Seminole,3,2,1518,No,NULL
PROP - 014979,26-09-2024 11:04,2005,2149,2149,25030 Emporia Chase Ct,Katy,TX,77494,Fort Bend,3,2,2245,No,NULL
PROP - 015035,26-09-2024 11:04,2016,2610,2610,10126 Count Fleet Dr,Sun City Center,FL,33573,Hillsborough,4,2.5,2635,No,NULL
PROP - 015036,26-09-2024 11:04,1983,2370,2370,4676 Chesapeake Ln,Jacksonville,FL,32257,Duval,3,2,1960,No,NULL
PROP - 015042,26-09-2024 11:04,2021,2250,2250,2014 Serval Ln,Crandall,TX,75114,Kaufman,3,2,1613,No,NULL
PROP - 015046,26-09-2024 11:04,2003,2085,2085,514 Pin Oak Dr,Bethlehem,GA,30620,Barrow,4,3,1623,No,NULL
PROP - 015061,26-09-2024 11:04,2005,2060,2060,1268 E Anastasia St,San Tan Valley,AZ,85140,Pinal,3,2,1621,No,NULL
PROP - 015076,26-09-2024 11:04,1987,2180,2180,4327 W Tonto Rd,Glendale,AZ,85308,Maricopa,3,2,1146,No,NULL
PROP - 015078,26-09-2024 11:04,2002,1999,1999,11845 W Poinsettia Dr,El Mirage,AZ,85335,Maricopa,4,2,1832,No,NULL
PROP - 015079,26-09-2024 11:04,2012,1805,1805,156 Valerie Dr,Lincolnton,NC,28092,Lincoln,3,2,1495,No,NULL
PROP - 015084,26-09-2024 11:04,2002,1970,1970,3436 Steelgate Ct,Middleburg,FL,32068,Clay,3,2,1868,No,NULL
PROP - 015085,26-09-2024 11:04,2018,2230,2230,4613 Marcos Cir,Kissimmee,FL,34758,Osceola,4,2,1859,No,NULL
PROP - 015090,26-09-2024 11:04,1988,2470,2470,13111 Everett Ct E,Jacksonville,FL,32225,Duval,3,2,1436,No,NULL
PROP - 014940,26-09-2024 11:04,2004,2320,2320,21543 Olympic Forest Dr,Porter,TX,77365,Montgomery,4,2,2497,No,NULL
PROP - 014950,26-09-2024 11:04,2014,2550,2550,2369 Proctor Creek Enclave,Acworth,GA,30101,Cobb,4,2.5,2488,No,NULL
PROP - 014951,26-09-2024 11:04,2005,2420,2420,2785 Mayfair Dr,Cumming,GA,30040,Forsyth,3,2.5,1988,No,NULL
PROP - 014955,26-09-2024 11:04,2003,1955,1955,12100 W Valentine Ave,El Mirage,AZ,85335,Maricopa,4,2,1930,No,NULL
PROP - 014967,26-09-2024 11:04,2006,2020,2020,220 Singleton Dr,Royse City,TX,75189,Rockwall,3,2,1750,No,NULL
PROP - 015334,26-09-2024 11:04,2000,2049,2049,138 S Delta Mill Cir,Conroe,TX,77385,Montgomery,3,2,1551,No,NULL
PROP - 014792,26-09-2024 11:04,2006,2420,2420,1513 Sawmill Creek Ln,Cordova,TN,38016,Shelby,4,2,2099,No,NULL
PROP - 014815,26-09-2024 11:04,2016,2130,2130,1390 Tripper Dr,Jacksonville,FL,32211,Duval,3,2,1758,No,NULL
PROP - 014836,26-09-2024 11:04,2005,1750,1750,28718 Blanco River Ct,Spring,TX,77386,Montgomery,3,2,1342,No,NULL
PROP - 014868,26-09-2024 11:04,2004,1970,1970,117 Meadow Ridge Dr,Anna,TX,75409,Collin,3,2,1423,No,NULL
PROP - 014886,26-09-2024 11:04,2003,2215,2215,607 Finborough Ct,Charlotte,NC,28214,Mecklenburg,5,2.5,2174,No,NULL
PROP - 014911,26-09-2024 11:04,1986,2350,2350,1025 Ward Cir,Oviedo,FL,32765,Seminole,3,2,1559,No,NULL
PROP - 014916,26-09-2024 11:04,2006,1750,1750,3618 Avalon Castle Dr,Spring,TX,77386,Montgomery,3,2,1313,No,NULL
PROP - 014917,26-09-2024 11:04,1985,2575,2575,7374 Spring Villas Cir,Orlando,FL,32819,Orange,3,2,1465,No,NULL
PROP - 033886,26-09-2024 11:04,2021,2149,2149,5104 Twin Summit Drive,Rosenberg,TX,77471,Fort Bend,4,2,1872,No,NULL
PROP - 033634,26-09-2024 11:04,2006,2485,2485,21845 W Sonora St,Buckeye,AZ,85326,Maricopa,4,3,2469,No,NULL
PROP - 032645,26-09-2024 11:04,2005,2625,2625,2323 Kingscrest Cir,Apopka,FL,32712,Orange,4,2,2015,No,NULL
PROP - 032635,26-09-2024 11:04,2021,2410,2410,520 Curry Ridge Ct,Locust Grove,GA,30248,Henry,4,3,2410,No,NULL
PROP - 032616,26-09-2024 11:04,1989,2285,2285,7 Henry Ave,Belmont,NC,28012,Gaston,4,3,1792,No,NULL
PROP - 032630,26-09-2024 11:04,2016,2100,2100,5638 S 10th Dr,Phoenix,AZ,85041,Maricopa,4,2.5,1621,No,NULL
PROP - 032554,26-09-2024 11:04,2021,2410,2410,10301 Fort Elliott Trail,Crowley,TX,76036,Tarrant,4,2,1875,No,NULL
PROP - 032557,26-09-2024 11:04,1989,2370,2370,13144 Leatherleaf Dr S,Jacksonville,FL,32225,Duval,4,2,1794,No,NULL
PROP - 032559,26-09-2024 11:04,2016,2415,2415,513 Harmony Way,Locust Grove,GA,30248,Henry,5,3,2822,No,NULL
PROP - 032605,26-09-2024 11:04,1999,1895,1895,949 Borage Dr,Wake Forest,NC,27587,Wake,3,2,1266,No,NULL
PROP - 032541,26-09-2024 11:04,2005,2220,2220,4821 Leaf Hollow Dr,Keller,TX,76244,Tarrant,3,2.5,2955,No,NULL
PROP - 032543,26-09-2024 11:04,2003,2345,2345,8724 Gaines Dr,Keller,TX,76244,Tarrant,3,2,1728,No,NULL
PROP - 032544,26-09-2024 11:04,2006,2525,2525,5108 Coney Island Dr,Frisco,TX,75036,Denton,4,2,2120,No,NULL
PROP - 032488,26-09-2024 11:04,2020,1860,1860,1700 Pam Ct,Belton,MO,64012,Cass,4,3,1443,No,NULL
PROP - 032489,26-09-2024 11:04,2020,2100,2100,1608 Samantha Ln,Belton,MO,64012,Cass,4,3,1909,No,NULL
PROP - 032514,26-09-2024 11:04,2003,2265,2265,14161 N Gil Balcome Ct,Surprise,AZ,85379,Maricopa,3,2.5,2220,No,NULL
PROP - 032491,26-09-2024 11:04,2020,2075,2075,702 Charles Cir,Belton,MO,64012,Cass,4,3,1909,No,NULL
PROP - 032492,26-09-2024 11:04,2020,2100,2100,710 Charles Cir,Belton,MO,64012,Cass,4,3,1909,No,NULL
PROP - 032507,26-09-2024 11:04,2013,2575,2575,3210 Blazing Star Ln,Saint Cloud,FL,34773,Osceola,4,3,2225,No,NULL
PROP - 032508,26-09-2024 11:04,1997,1805,1805,905 Jackson Cir,Helena,AL,35080,Shelby,3,2,1411,No,NULL
PROP - 032399,26-09-2024 11:04,2019,1925,1925,757 S Magnolia St,Gardner,KS,66030,Johnson,3,2,1504,No,NULL
PROP - 032386,26-09-2024 11:04,2019,1925,1925,750 S Cherry St,Gardner,KS,66030,Johnson,4,2,1512,No,NULL
PROP - 032393,26-09-2024 11:04,2020,1523,1523,769 S Magnolia St,Gardner,KS,66030,Johnson,3,2,1504,No,NULL
PROP - 032421,26-09-2024 11:04,2019,2070,2070,723 S Cherry St,Gardner,KS,66030,Johnson,3,2,1504,No,NULL
PROP - 032389,26-09-2024 11:04,2019,1620,1620,616 Kincaid Cove Ln,Odenville,AL,35120,Saint Clair,3,2.5,1400,No,NULL
PROP - 032408,26-09-2024 11:04,2019,1649,1649,3821 Colemans Run,Converse,TX,78109,Bexar,3,2,1770,No,NULL
PROP - 032433,26-09-2024 11:04,2020,2070,2070,718 S Magnolia St,Gardner,KS,66030,Johnson,3,2,1504,No,NULL
PROP - 032451,26-09-2024 11:04,2020,1628,1628,743 S Mulberry St,Gardner,KS,66030,Johnson,3,2,1504,No,NULL
PROP - 032456,26-09-2024 11:04,2020,1611,1611,744 S Mulberry St,Gardner,KS,66030,Johnson,3,2,1504,No,NULL
PROP - 032457,26-09-2024 11:04,2020,1638,1638,750 S Mulberry St,Gardner,KS,66030,Johnson,3,2,1504,No,NULL
PROP - 032461,26-09-2024 11:04,2020,1732,1732,774 S Mulberry St,Gardner,KS,66030,Johnson,3,2,1504,No,NULL
PROP - 032465,26-09-2024 11:04,2020,1775,1775,792 S Mulberry St,Gardner,KS,66030,Johnson,4,2,1512,No,NULL
PROP - 032471,26-09-2024 11:04,2020,2295,2295,828 S Mulberry St,Gardner,KS,66030,Johnson,4,2,1512,No,NULL
PROP - 032476,26-09-2024 11:04,2021,1720,1720,12908 Cicely Ct,Saint Hedwig,TX,78152,Bexar,3,2.5,1689,No,NULL
PROP - 032477,26-09-2024 11:04,2020,1745,1745,4003 Asher Aly,Saint Hedwig,TX,78152,Bexar,4,2.5,1903,No,NULL
PROP - 032478,26-09-2024 11:04,2020,1450,1450,716 The Heights Ln,Calera,AL,35040,Shelby,3,2,1216,No,NULL
PROP - 032473,26-09-2024 11:04,2020,2100,2100,20911 Twining Rose Ln,Tomball,TX,77377,Harris,4,2,1699,No,NULL
PROP - 032480,26-09-2024 11:04,2020,1610,1610,724 The Heights Ln,Calera,AL,35040,Shelby,3,2,1355,No,NULL
PROP - 032481,26-09-2024 11:04,2020,1570,1570,727 The Heights Ln,Calera,AL,35040,Shelby,3,2.5,1331,No,NULL
PROP - 032483,26-09-2024 11:04,2020,1475,1475,728 The Heights Ln,Calera,AL,35040,Shelby,3,2,1209,No,NULL
PROP - 032486,26-09-2024 11:04,2020,1990,1990,715 Samantha Ln,Belton,MO,64012,Cass,3,2.5,2182,No,NULL
PROP - 031897,26-09-2024 11:04,2014,2195,2195,4056 Sandhill Crane Ter,Middleburg,FL,32068,Clay,4,2,2200,No,NULL
PROP - 032392,26-09-2024 11:04,2020,1700,1700,7520 Twin Pine Ct,Converse,TX,78109,Bexar,3,2.5,1634,No,NULL
PROP - 032362,26-09-2024 11:04,2019,1365,1365,591 Kincaid Cove Ln,Odenville,AL,35120,Saint Clair,3,2,1125,No,NULL
PROP - 032381,26-09-2024 11:04,2019,1495,1495,807 Kent Dr,Odenville,AL,35120,Saint Clair,3,2.5,1400,No,NULL
PROP - 032417,26-09-2024 11:04,2019,1557,1557,715 S Magnolia St,Gardner,KS,66030,Johnson,3,2,1504,No,NULL
PROP - 032373,26-09-2024 11:04,2019,1325,1325,620 Kincaid Cove Ln,Odenville,AL,35120,Saint Clair,3,2.5,1348,No,NULL
PROP - 032376,26-09-2024 11:04,2020,1450,1450,635 Kincaid Cove Ln,Odenville,AL,35120,Saint Clair,3,2,1355,No,NULL
PROP - 031766,26-09-2024 11:04,2003,2680,2680,407 Rock Meadow Trl,Mansfield,TX,76063,Tarrant,3,2,2459,No,NULL
PROP - 031771,26-09-2024 11:04,1996,2110,2110,4102 W Glenn Dr,Phoenix,AZ,85051,Maricopa,3,2,1558,No,NULL
PROP - 031795,26-09-2024 11:04,2008,2345,2345,268 Mary Wallace Way,Dallas,GA,30157,Paulding,3,2.5,2620,No,NULL
PROP - 031892,26-09-2024 11:04,2007,1995,1995,1244 E Julie Ct,San Tan Valley,AZ,85140,Pinal,3,2.5,1983,No,NULL
PROP - 031760,26-09-2024 11:04,2021,2215,2215,121 Cottage Ln,Royse City,TX,75189,Rockwall,3,2,1735,No,NULL
PROP - 032918,26-09-2024 11:04,2017,2370,2370,35740 Hillbrook Ave,Zephyrhills,FL,33541,Pasco,5,3,2601,No,NULL
PROP - 032658,26-09-2024 11:04,1987,1775,1775,709 Meadowdale Dr,Royse City,TX,75189,Rockwall,3,2.5,1621,No,NULL
PROP - 032928,26-09-2024 11:04,1993,1955,1955,1834 Pecan Ridge Dr,Murfreesboro,TN,37128,Rutherford,3,2,1300,No,NULL
PROP - 033002,26-09-2024 11:04,2012,2470,2470,2108 Caroline Dr,Weatherford,TX,76087,Parker,4,2,1834,No,NULL
PROP - 033004,26-09-2024 11:04,2001,2320,2320,1428 Birchstone Ave,Brandon,FL,33511,Hillsborough,3,2,1270,No,NULL
PROP - 032988,26-09-2024 11:04,1988,1900,1900,921 Brittany Dr,Denton,TX,76209,Denton,3,2,1224,No,NULL
PROP - 032989,26-09-2024 11:04,2006,2095,2095,5802 Castlebrook Dr,Douglasville,GA,30134,Douglas,3,2.5,1866,No,NULL
PROP - 032981,26-09-2024 11:04,2005,2055,2055,3508 W Glass Ln,Phoenix,AZ,85041,Maricopa,3,2,1580,No,NULL
PROP - 032982,26-09-2024 11:04,2009,2005,2005,2978 Tall Oaks Dr,Dallas,NC,28034,Gaston,4,2.5,2060,No,NULL
PROP - 032955,26-09-2024 11:04,2000,1805,1805,12642 W Bloomfield Rd,El Mirage,AZ,85335,Maricopa,3,2,1183,No,NULL
PROP - 032956,26-09-2024 11:04,2015,2475,2475,717 Climbing Rose Ct,Gastonia,NC,28056,Gaston,4,2.5,2687,No,NULL
PROP - 032974,26-09-2024 11:04,2008,2165,2165,3415 Perlino Dr,Murfreesboro,TN,37128,Rutherford,3,2,1262,No,NULL
PROP - 032976,26-09-2024 11:04,2017,1645,1645,4889 Stonecreek Way,Calera,AL,35040,Shelby,3,2,1479,No,NULL
PROP - 032977,26-09-2024 11:04,2015,2175,2175,157 Chesser Reserve Dr,Chelsea,AL,35043,Shelby,4,2.5,2361,No,NULL
PROP - 033035,26-09-2024 11:04,2004,2005,2005,150 Nacoochee Way,Canton,GA,30114,Cherokee,3,2.5,1619,No,NULL
PROP - 033027,26-09-2024 11:04,2013,2060,2060,23612 W Hopi St,Buckeye,AZ,85326,Maricopa,3,2,1822,No,NULL
PROP - 033019,26-09-2024 11:04,2005,2550,2550,4704 Ashbury Ln,Mansfield,TX,76063,Tarrant,3,2.5,2054,No,NULL
PROP - 032716,26-09-2024 11:04,2000,2139,2139,6103 Sand Key Ln,Wesley Chapel,FL,33545,Pasco,3,2,1250,No,NULL
PROP - 032683,26-09-2024 11:04,1994,2399,2399,8926 Raven Park Dr,Charlotte,NC,28216,Mecklenburg,4,2.5,2382,No,NULL
PROP - 033062,26-09-2024 11:04,2008,1949,1949,1401 Silver Maple Ln,Royse City,TX,75189,Hunt,4,2.5,1977,No,NULL
PROP - 033090,26-09-2024 11:04,2004,1795,1795,140 Victoria Blvd,Oxford,GA,30054,Newton,3,2,1384,No,NULL
PROP - 032787,26-09-2024 11:04,2021,2260,2260,2316 Goodnight Ranch Drive,Weatherford,TX,76087,Parker,4,2,1659,No,NULL
PROP - 032774,26-09-2024 11:04,2021,1725,1725,18932 Buckley Oak Dr,New Caney,TX,77357,Montgomery,3,2,1494,No,NULL
PROP - 032754,26-09-2024 11:04,2005,2350,2350,21902 Blossom Grove Ln,Spring,TX,77379,Harris,4,2,1931,No,NULL
PROP - 032794,26-09-2024 11:04,2021,2199,2199,5857 Bullock Pl,Saint Cloud,FL,34771,Osceola,3,2,1769,No,NULL
PROP - 032867,26-09-2024 11:04,2017,2775,2775,1106 Newcastle Dr,Midlothian,TX,76065,Ellis,4,2,2048,No,NULL
PROP - 032870,26-09-2024 11:04,1990,1935,1935,302 Moss Hill Dr,Arlington,TX,76018,Tarrant,3,2,1228,No,NULL
PROP - 032841,26-09-2024 11:04,2008,1999,1999,18352 W Sanna St,Waddell,AZ,85355,Maricopa,4,2,1595,No,NULL
PROP - 032895,26-09-2024 11:04,2018,2470,2470,1037 Lear Dr,Locust Grove,GA,30248,Henry,4,2.5,2442,No,NULL
PROP - 032896,26-09-2024 11:04,1988,2675,2675,1354 Meadow Creek Way NW,Acworth,GA,30102,Cobb,4,2.5,2340,No,NULL
PROP - 032873,26-09-2024 11:04,1999,2575,2575,2718 Golden Eagle Pt,Lake Mary,FL,32746,Seminole,4,2,1843,No,NULL
PROP - 032893,26-09-2024 11:04,2013,2399,2399,4145 Whitfield Oak Way,Auburn,GA,30011,Gwinnett,4,2.5,2497,No,NULL
PROP - 033165,26-09-2024 11:04,2021,2185,2185,11912 Sunshine Park Dr N,Willis,TX,77318,Montgomery,4,2,1600,No,NULL
PROP - 033251,26-09-2024 11:04,2016,2299,2299,3637 Lebella Ln,Bethlehem,GA,30620,Gwinnett,5,3,2530,No,NULL
PROP - 033249,26-09-2024 11:04,2021,2490,2490,1940 Pearson St,Loganville,GA,30052,Walton,3,2.5,2235,No,NULL
PROP - 039775,26-09-2024 11:04,1993,2060,2060,3713 Westridge Cv,Memphis,TN,38135,Shelby,4,2.5,2099,No,NULL
PROP - 041781,26-09-2024 11:04,2022,1930,1930,5828 Timber Point Dr,Princeton,TX,75407,Collin,4,2,1500,No,NULL
PROP - 041779,26-09-2024 11:04,2022,1749,1749,9942 Spotted Rose,San Antonio,TX,78254,Bexar,4,2.5,2084,No,NULL
PROP - 032820,26-09-2024 11:04,2001,2280,2280,606 Parsons Reserve Ct,Seffner,FL,33584,Hillsborough,3,2,1658,No,NULL
PROP - 032422,26-09-2024 11:04,2020,1800,1800,3930 Colemans Run,Converse,TX,78109,Bexar,3,2.5,2174,No,NULL
PROP - 032415,26-09-2024 11:04,2019,1900,1900,735 S Cherry St,Gardner,KS,66030,Johnson,3,2,1504,No,NULL
PROP - 032428,26-09-2024 11:04,2019,1597,1597,714 S Cherry St,Gardner,KS,66030,Johnson,4,2,1512,No,NULL
PROP - 032432,26-09-2024 11:04,2020,1615,1615,712 S Magnolia St,Gardner,KS,66030,Johnson,3,2,1504,No,NULL
PROP - 032958,26-09-2024 11:04,1980,2525,2525,2924 Turtlerock Dr,Bedford,TX,76021,Tarrant,4,2,1983,No,NULL
PROP - 032959,26-09-2024 11:04,2006,2125,2125,4305 Kyleigh Dr,Fort Worth,TX,76123,Tarrant,3,2.5,2372,No,NULL
PROP - 032961,26-09-2024 11:04,2021,2160,2160,2720 Swift Creek Dr,Fort Worth,TX,76123,Tarrant,3,2,1553,No,NULL
PROP - 032965,26-09-2024 11:04,2019,2705,2705,3960 Lake Manor Way,Atlanta,GA,30349,Fulton,3,2.5,2731,No,NULL
PROP - 032410,26-09-2024 11:04,2019,1955,1955,733 S Magnolia St,Gardner,KS,66030,Johnson,3,2,1504,No,NULL
PROP - 032419,26-09-2024 11:04,2019,2005,2005,729 S Cherry St,Gardner,KS,66030,Johnson,4,2,1512,No,NULL
PROP - 014920,26-09-2024 11:04,1985,1955,1955,9415 Wallingham Dr,Spring,TX,77379,Harris,3,2,1808,No,NULL
PROP - 014930,26-09-2024 11:04,2012,2475,2475,1864 Monte Cristo Ln,Kissimmee,FL,34758,Osceola,4,2,1895,No,NULL
PROP - 014935,26-09-2024 11:04,2018,2265,2265,2025 Broad Winged Hawk Dr,Ruskin,FL,33570,Hillsborough,4,2,1948,No,NULL
PROP - 014438,26-09-2024 11:04,2003,2320,2320,707 Moonwalk St,Montgomery,TX,77356,Montgomery,4,2.5,2451,No,NULL
PROP - 014441,26-09-2024 11:04,1992,2165,2165,1230 Wynford Downs SW,Marietta,GA,30064,Cobb,4,2.5,1626,No,NULL
PROP - 013773,26-09-2024 11:04,1996,2650,2650,9816 Belfort Dr,Frisco,TX,75035,Collin,3,2,1934,No,NULL
PROP - 032973,26-09-2024 11:04,1997,1850,1850,1513 Amberley Woods Cir,Helena,AL,35080,Shelby,3,2,1528,No,NULL
PROP - 039784,26-09-2024 11:04,2006,2055,2055,5776 Landau Dr,Southaven,MS,38671,Desoto,4,2,1850,No,NULL
PROP - 033193,26-09-2024 11:04,2004,1825,1825,33426 Irongate Dr,Leesburg,FL,34788,Lake,3,2,1218,No,NULL
PROP - 033180,26-09-2024 11:04,2021,2015,2015,3032 Sweetwater Trl,Forney,TX,75126,Kaufman,3,2,1532,No,NULL
PROP - 033271,26-09-2024 11:04,2021,1900,1900,1126 Bulwark Dr,Crosby,TX,77532,Harris,3,2,1773,No,NULL
PROP - 033151,26-09-2024 11:04,2021,2625,2625,826 Comanche Dr,Midlothian,TX,76065,Ellis,4,2,1883,No,NULL
PROP - 032805,26-09-2024 11:04,2002,2125,2125,12866 W Windrose Dr,El Mirage,AZ,85335,Maricopa,3,2,1972,No,NULL
PROP - 032796,26-09-2024 11:04,2021,1995,1995,12037 Summertime Dr,Willis,TX,77318,Montgomery,4,2,1600,No,NULL
PROP - 032697,26-09-2024 11:04,2021,2060,2060,3108 Crane Dr,Forney,TX,75126,Kaufman,3,2,1450,No,NULL
PROP - 032722,26-09-2024 11:04,2021,1925,1925,3059 Stratford Way,Forney,TX,75126,Kaufman,4,2,1583,No,NULL
PROP - 032936,26-09-2024 11:04,2021,1805,1805,11971 Sunshine Park Dr N,Willis,TX,77318,Montgomery,3,2,1443,No,NULL
PROP - 032648,26-09-2024 11:04,2012,2075,2075,30 Maybrook Ct,Garner,NC,27529,Johnston,4,2.5,2502,No,NULL
PROP - 032675,26-09-2024 11:04,2021,2130,2130,3112 Crane Dr,Forney,TX,75126,Kaufman,4,2,1583,No,NULL
PROP - 032656,26-09-2024 11:04,2001,1885,1885,857 Canyon Cove Dr,Burleson,TX,76028,Johnson,3,2,1399,No,NULL
PROP - 031761,26-09-2024 11:04,2002,2195,2195,10169 Cody Ln,Orlando,FL,32825,Orange,3,2,1158,No,NULL
PROP - 031751,26-09-2024 11:04,2006,2500,2500,1841 Ribbon Falls Pkwy,Orlando,FL,32824,Orange,4,2,1630,No,NULL
PROP - 031742,26-09-2024 11:04,2000,2000,2000,40619 N Key Ln,Phoenix,AZ,85086,Maricopa,3,2,1264,No,NULL
PROP - 031745,26-09-2024 11:04,2005,2025,2025,4025 Half Moon Cir,Middleburg,FL,32068,Clay,4,2,1865,No,NULL
PROP - 031746,26-09-2024 11:04,2002,2215,2215,10286 Green Moss Dr N,Cordova,TN,38018,Shelby,3,2,2299,No,NULL
PROP - 031893,26-09-2024 11:04,2000,2010,2010,14316 Menifee Dr,Huntersville,NC,28078,Mecklenburg,3,2.5,1491,No,NULL
PROP - 031787,26-09-2024 11:04,2021,1675,1675,20755 Central Concave Dr,New Caney,TX,77357,Montgomery,3,2,1501,No,NULL
PROP - 031780,26-09-2024 11:04,2021,2240,2240,2311 Keystone Ridge Lane,Rosenberg,TX,77469,Fort Bend,3,2,1990,No,NULL
PROP - 032377,26-09-2024 11:04,2020,1750,1750,7527 Rose Robin Run Ct,Converse,TX,78109,Bexar,3,2.5,1634,No,NULL
PROP - 032403,26-09-2024 11:04,2020,1750,1750,7605 Twin Pine Ct,Converse,TX,78109,Bexar,3,2,1770,No,NULL
PROP - 032382,26-09-2024 11:04,2019,1855,1855,3817 Colemans Run,Converse,TX,78109,Bexar,3,2.5,1634,No,NULL
PROP - 032371,26-09-2024 11:04,2020,1795,1795,7515 Rose Robin Run Ct,Converse,TX,78109,Bexar,3,2,1651,No,NULL
PROP - 032367,26-09-2024 11:04,2020,1730,1730,7507 Rose Robin Run Ct,Converse,TX,78109,Bexar,3,2,1612,No,NULL
PROP - 032368,26-09-2024 11:04,2019,1499,1499,612 Kincaid Cove Ln,Odenville,AL,35120,Saint Clair,3,2.5,1348,No,NULL
PROP - 032512,26-09-2024 11:04,2017,2015,2015,23502 Azalea Hill Trl,Spring,TX,77373,Harris,3,2,1824,No,NULL
PROP - 032513,26-09-2024 11:04,2011,2040,2040,21614 Hansom Dr,Porter,TX,77365,Montgomery,4,2,2250,No,NULL
PROP - 032540,26-09-2024 11:04,1985,2470,2470,927 Southridge Trl,Altamonte Springs,FL,32714,Seminole,3,2,1380,No,NULL
PROP - 032523,26-09-2024 11:04,1998,1710,1710,5364 Brickleberry Way,Douglasville,GA,30134,Douglas,3,2,1044,No,NULL
PROP - 032531,26-09-2024 11:04,2005,2215,2215,469 E Bradstock Way,San Tan Valley,AZ,85140,Pinal,3,2.5,2050,No,NULL
PROP - 032532,26-09-2024 11:04,2016,2780,2780,2659 Tahoe Ter,Saint Cloud,FL,34771,Osceola,3,2,2144,No,NULL
PROP - 032606,26-09-2024 11:04,2015,2160,2160,418 Hardy Water Dr,Lawrenceville,GA,30045,Gwinnett,4,2.5,2058,No,NULL
PROP - 032603,26-09-2024 11:04,2018,2555,2555,11157 Leland Groves Dr,Riverview,FL,33579,Hillsborough,4,2.5,2070,No,NULL
PROP - 032558,26-09-2024 11:04,2003,2145,2145,16210 W Banff Ln,Surprise,AZ,85379,Maricopa,3,2,1584,No,NULL
PROP - 032556,26-09-2024 11:04,2014,1850,1850,937 Oak Falls Dr,Willis,TX,77378,Montgomery,3,2,1470,No,NULL
PROP - 032632,26-09-2024 11:04,2003,2110,2110,699 Clairidge Elm Trl,Lawrenceville,GA,30046,Gwinnett,3,2,1684,No,NULL
PROP - 032633,26-09-2024 11:04,2018,2250,2250,11214 Leland Groves Dr,Riverview,FL,33579,Hillsborough,3,2,1561,No,NULL
PROP - 032634,26-09-2024 11:04,1996,2320,2320,29441 Birds Eye Dr,Wesley Chapel,FL,33543,Pasco,3,2,1572,No,NULL
PROP - 032621,26-09-2024 11:04,1992,1975,1975,649 Fernstone Trl,Lawrenceville,GA,30046,Gwinnett,3,2,1450,No,NULL
PROP - 032643,26-09-2024 11:04,2017,2620,2620,14917 Belclaire Ave,Aledo,TX,76008,Parker,3,2,1990,No,NULL
PROP - 013749,26-09-2024 11:04,1982,1745,1745,365 Perch Rd,Rockwall,TX,75032,Rockwall,3,2,1160,No,NULL
PROP - 013587,26-09-2024 11:04,2015,1850,1850,200 Willow Shoals Dr,Covington,GA,30016,Newton,3,2,1418,No,NULL
PROP - 033883,26-09-2024 11:04,2021,2365,2365,300 Leyland Xing,Dallas,GA,30132,Paulding,4,3,2570,No,Leased
PROP - 013802,26-09-2024 11:04,1980,2215,2215,411 Highland Mist Cir,Houston,TX,77015,Harris,3,2.5,2135,No,NULL
PROP - 013857,26-09-2024 11:04,1998,1875,1875,14332 Arbor Ridge Dr,Charlotte,NC,28273,Mecklenburg,3,2.5,1500,No,NULL
PROP - 013858,26-09-2024 11:04,1988,2325,2325,715 Millifold Pl,Brandon,FL,33510,Hillsborough,3,2,1423,No,NULL
PROP - 013864,26-09-2024 11:04,1985,1975,1975,110 Paces Way,Fayetteville,GA,30215,Fayette,3,2,1512,No,NULL
PROP - 013957,26-09-2024 11:04,2011,2420,2420,16295 Tisons Bluff Rd,Jacksonville,FL,32218,Duval,4,2,2280,No,NULL
PROP - 014327,26-09-2024 11:04,1997,2200,2200,1437 Mohrlake Dr,Brandon,FL,33511,Hillsborough,3,2,1196,No,NULL
PROP - 014333,26-09-2024 11:04,2000,2450,2450,4131 Hunters Green Ln NE,Kennesaw,GA,30144,Cobb,3,2.5,1928,No,NULL
PROP - 014177,26-09-2024 11:04,1986,2680,2680,3501 Deerfield Ln NW,Kennesaw,GA,30144,Cobb,4,3,2448,No,NULL
PROP - 014180,26-09-2024 11:04,2016,2205,2205,674 Black Eagle Dr,Groveland,FL,34736,Lake,4,2,1932,No,NULL
PROP - 014184,26-09-2024 11:04,2017,2365,2365,9329 Opal Dr,Douglasville,GA,30135,Douglas,4,2.5,2421,No,NULL
PROP - 014187,26-09-2024 11:04,1994,2099,2099,3215 E Menadota Dr,Phoenix,AZ,85050,Maricopa,3,2,1012,No,NULL
PROP - 014320,26-09-2024 11:04,1999,2545,2545,4349 Mesa Dr,Carrollton,TX,75010,Denton,4,2.5,1960,No,NULL
PROP - 014321,26-09-2024 11:04,1984,2170,2170,3415 Lilac Ln,Rowlett,TX,75089,Dallas,3,2,1858,No,NULL
PROP - 013963,26-09-2024 11:04,2000,2365,2365,14381 W Verde Ln,Goodyear,AZ,85395,Maricopa,3,2.5,2143,No,NULL
PROP - 013973,26-09-2024 11:04,1989,2165,2165,4545 Creek Bluff Dr,Buford,GA,30518,Gwinnett,3,2,1506,No,NULL
PROP - 013982,26-09-2024 11:04,1983,2000,2000,7001 W Cochise Dr,Peoria,AZ,85345,Maricopa,3,2,1338,No,NULL
PROP - 013985,26-09-2024 11:04,2003,1955,1955,916 W Saint Charles Ave,Phoenix,AZ,85041,Maricopa,3,2,1207,No,NULL
PROP - 014051,26-09-2024 11:04,2016,2039,2039,4144 Great Falls Loop,Middleburg,FL,32068,Clay,4,2,1881,No,NULL
PROP - 014058,26-09-2024 11:04,2004,1830,1830,1826 Jake Ln,Middleburg,FL,32068,Clay,3,2,1292,No,NULL
PROP - 014060,26-09-2024 11:04,2004,2080,2080,32327 Golden Oak Park Ln,Conroe,TX,77385,Montgomery,3,2.5,2452,No,NULL
PROP - 014139,26-09-2024 11:04,1999,2085,2085,1703 Taynton Cir NW,Kennesaw,GA,30152,Cobb,3,2.5,1450,No,NULL
PROP - 014140,26-09-2024 11:04,1993,2025,2025,739 Fernstone Trl,Lawrenceville,GA,30046,Gwinnett,3,2,1449,No,NULL
PROP - 014141,26-09-2024 11:04,2007,2315,2315,18018 W Vogel Ave,Waddell,AZ,85355,Maricopa,3,2.5,2318,No,NULL
PROP - 014151,26-09-2024 11:04,2005,2535,2535,13229 Fiddlers Trl,Keller,TX,76244,Tarrant,4,2.5,2669,No,NULL
PROP - 014154,26-09-2024 11:04,2016,2345,2345,5805 S 27th Ln,Phoenix,AZ,85041,Maricopa,5,3,2331,No,NULL
PROP - 014159,26-09-2024 11:04,1995,2475,2475,230 Morton Creek Cir,Alpharetta,GA,30022,Fulton,4,2.5,1776,No,NULL
PROP - 014162,26-09-2024 11:04,2001,2180,2180,2729 Fairwillow Ln,Grayson,GA,30017,Gwinnett,4,3,1666,No,NULL
PROP - 014913,26-09-2024 11:04,1979,2240,2240,11548 Cypress Bend Ct,Jacksonville,FL,32223,Duval,3,2,1502,No,NULL
PROP - 014909,26-09-2024 11:04,2005,2449,2449,11114 Rouse Run Cir,Orlando,FL,32817,Orange,3,2,1500,No,NULL
PROP - 014906,26-09-2024 11:04,2001,2035,2035,1300 Ujamaa Dr,Raleigh,NC,27610,Wake,4,2.5,1665,No,NULL
PROP - 014858,26-09-2024 11:04,1999,2010,2010,3504 Braefield Dr,Indian Trail,NC,28079,Union,3,2,1371,No,NULL
PROP - 014835,26-09-2024 11:04,2005,1849,1849,455 E Bradstock Way,San Tan Valley,AZ,85140,Pinal,3,2,1707,No,NULL
PROP - 014851,26-09-2024 11:04,1992,2230,2230,3401 Harmon Cv,Memphis,TN,38135,Shelby,3,2,1899,No,NULL
PROP - 014852,26-09-2024 11:04,2004,1970,1970,4641 Marsh Harbor Dr,Tavares,FL,32778,Lake,3,2,1429,No,NULL
PROP - 014824,26-09-2024 11:04,2020,2375,2375,649 River Dell Townes Ave,Clayton,NC,27527,Johnston,4,2.5,2900,No,NULL
PROP - 014832,26-09-2024 11:04,1989,2345,2345,900 Hyacinth Cove Ct,Apopka,FL,32703,Orange,3,2,1484,No,NULL
PROP - 014793,26-09-2024 11:04,1998,2045,2045,17187 N 53rd Ave,Glendale,AZ,85308,Maricopa,3,2,1501,No,NULL
PROP - 014787,26-09-2024 11:04,2018,1700,1700,127 James St,Kannapolis,NC,28083,Cabarrus,3,2,1200,No,NULL
PROP - 014790,26-09-2024 11:04,1997,2175,2175,3605 W Questa Dr,Glendale,AZ,85310,Maricopa,3,2,1529,No,NULL
PROP - 014800,26-09-2024 11:04,1998,1845,1845,3148 Hawick Commons Dr,Concord,NC,28027,Cabarrus,3,2,1223,No,NULL
PROP - 014808,26-09-2024 11:04,2003,2370,2370,6764 N 79th Dr,Glendale,AZ,85303,Maricopa,4,2.5,1779,No,NULL
PROP - 014724,26-09-2024 11:04,2000,1900,1900,8038 Bristle Ln,Charlotte,NC,28214,Mecklenburg,3,2.5,1573,No,NULL
PROP - 014726,26-09-2024 11:04,1999,1900,1900,5501 Wildview Ct,Arlington,TX,76017,Tarrant,3,2,1484,No,NULL
PROP - 014731,26-09-2024 11:04,2001,2390,2390,1600 Christine Ct,Saint Johns,FL,32259,Saint Johns,3,2,1782,No,NULL
PROP - 014675,26-09-2024 11:04,1979,1700,1700,16805 Gleneagle Dr N,Conroe,TX,77385,Montgomery,3,2,1560,No,NULL
PROP - 014677,26-09-2024 11:04,2008,2105,2105,873 S 176th Ln,Goodyear,AZ,85338,Maricopa,4,2,1798,No,NULL
PROP - 014678,26-09-2024 11:04,2001,1875,1875,12541 W Bloomfield Rd,El Mirage,AZ,85335,Maricopa,3,2.5,1776,No,NULL
PROP - 014680,26-09-2024 11:04,1999,2370,2370,12912 Odyssey Lake Way,Orlando,FL,32826,Orange,4,2,1392,No,NULL
PROP - 014681,26-09-2024 11:04,2000,1850,1850,12231 W Rosewood Dr,El Mirage,AZ,85335,Maricopa,3,2,1090,No,NULL
PROP - 014694,26-09-2024 11:04,1985,2090,2090,5225 W Orchid Ln,Glendale,AZ,85302,Maricopa,3,2,1449,No,NULL
PROP - 014507,26-09-2024 11:04,1999,2210,2210,15220 Leslie Brook Rd,Huntersville,NC,28078,Mecklenburg,3,2.5,1654,No,NULL
PROP - 014508,26-09-2024 11:04,1987,2215,2215,1382 Bailing Dr,Lawrenceville,GA,30043,Gwinnett,4,2,1660,No,NULL
PROP - 014512,26-09-2024 11:04,1995,2450,2450,13827 Hatton Cross Dr,Charlotte,NC,28278,Mecklenburg,4,2.5,2223,No,NULL
PROP - 014518,26-09-2024 11:04,2015,2299,2299,928 Lake Woodland Dr,Little Elm,TX,75068,Denton,3,2,1764,No,NULL
PROP - 014519,26-09-2024 11:04,2004,2085,2085,39073 N Dusty Dr,San Tan Valley,AZ,85140,Pinal,4,2,1638,No,NULL
PROP - 014522,26-09-2024 11:04,1986,2255,2255,441 E Taro Ln,Phoenix,AZ,85024,Maricopa,3,2.5,1644,No,NULL
PROP - 014666,26-09-2024 11:04,2003,2425,2425,13119 Early Run Ln,Riverview,FL,33578,Hillsborough,4,2,1936,No,NULL
PROP - 014340,26-09-2024 11:04,2013,2590,2590,14902 Alyssa Faith Ct,Charlotte,NC,28278,Mecklenburg,4,2.5,2812,No,NULL
PROP - 014353,26-09-2024 11:04,1996,2255,2255,2860 Meridian Dr,Dacula,GA,30019,Gwinnett,3,2,2208,No,NULL
PROP - 014365,26-09-2024 11:04,1998,2300,2300,3580 Ridings Ct NW,Kennesaw,GA,30144,Cobb,3,2,1525,No,NULL
PROP - 014366,26-09-2024 11:04,2002,1995,1995,2311 W Carson Rd,Phoenix,AZ,85041,Maricopa,3,2,1336,No,NULL
PROP - 014368,26-09-2024 11:04,2017,2370,2370,2011 Shafer Dr,Murfreesboro,TN,37128,Rutherford,4,3,2118,No,NULL
PROP - 014369,26-09-2024 11:04,1985,2420,2420,1316 Superior Dr,Flower Mound,TX,75028,Denton,3,2,1475,No,NULL
PROP - 014381,26-09-2024 11:04,1986,2130,2130,256 Robbie Ln SW,Marietta,GA,30060,Cobb,3,2.5,1210,No,NULL
PROP - 014390,26-09-2024 11:04,2018,2349,2349,148 Aaron St,Anna,TX,75409,Collin,5,3,2703,No,NULL
PROP - 014435,26-09-2024 11:04,2001,2285,2285,6525 W Miami St,Phoenix,AZ,85043,Maricopa,4,2.5,2378,No,NULL
PROP - 015335,26-09-2024 11:04,2001,2420,2420,637 Dover Heights Trl,Mansfield,TX,76063,Tarrant,3,2,1854,No,NULL
PROP - 015340,26-09-2024 11:04,2021,1725,1725,18517 Tenaha Mill Drive,New Caney,TX,77357,Montgomery,3,2,1573,No,NULL
PROP - 014944,26-09-2024 11:04,2007,2110,2110,10178 New Well Ter,Cordova,TN,38016,Shelby,3,2,1899,No,NULL
PROP - 014970,26-09-2024 11:04,2005,2120,2120,911 Peaceful Trl,Waxahachie,TX,75165,Ellis,3,2,1616,No,NULL
PROP - 015327,26-09-2024 11:04,2021,1800,1800,20322 Portbec Drive,New Caney,TX,77357,Montgomery,3,2,1573,No,NULL
PROP - 015106,26-09-2024 11:04,2004,2345,2345,510 Wakemont Dr,Orange Park,FL,32065,Clay,4,2,1923,No,NULL
PROP - 015104,26-09-2024 11:04,2004,2299,2299,2104 Sumac Dr,Forney,TX,75126,Kaufman,4,2.5,2299,No,NULL
PROP - 015108,26-09-2024 11:04,1991,2180,2180,8300 Bedford Green Ln,Charlotte,NC,28215,Mecklenburg,4,2.5,2000,No,NULL
PROP - 015101,26-09-2024 11:04,2006,1955,1955,29315 Legends Hill Dr,Spring,TX,77386,Montgomery,3,2.5,1980,No,NULL
PROP - 045528,26-09-2024 11:04,2022,1650,1650,5744 Brook Pr,San Antonio,TX,78244,Bexar,3,2,1151,No,NULL
PROP - 039812,26-09-2024 11:04,2002,1715,1715,1065 Abercorn Way,Douglasville,GA,30134,Douglas,3,2,1139,No,NULL
PROP - 040344,26-09-2024 11:04,1999,2375,2375,377 Silverthorn Dr NW,Marietta,GA,30064,Cobb,4,3,2404,No,NULL
PROP - 039767,26-09-2024 11:04,2021,2020,2020,12751 Cygnus,San Antonio,TX,78245,Bexar,4,3,2252,No,NULL
PROP - 039705,26-09-2024 11:04,2019,1975,1975,3566 Sabra Ln,Southaven,MS,38672,Desoto,3,2.5,1882,No,NULL
PROP - 039706,26-09-2024 11:04,2022,2075,2075,16410 W Saguaro Park Ln,Surprise,AZ,85387,Maricopa,3,2,1400,No,NULL
PROP - 039660,26-09-2024 11:04,2005,2385,2385,31221 Whinsenton Dr,Wesley Chapel,FL,33543,Pasco,3,2,1640,No,NULL
PROP - 039661,26-09-2024 11:04,2007,1675,1675,2228 Rushton Ln,Moody,AL,35004,Saint Clair,3,2,1633,No,NULL
PROP - 038544,26-09-2024 11:04,1985,2625,2625,3614 Highpoint Dr,Rockwall,TX,75087,Rockwall,3,2,1612,No,NULL
PROP - 038416,26-09-2024 11:04,2002,1975,1975,12834 W Sweetwater Ave,El Mirage,AZ,85335,Maricopa,4,2,1615,No,NULL
PROP - 038897,26-09-2024 11:04,1998,2135,2135,10539 E Flower Ave,Mesa,AZ,85208,Maricopa,3,2,1646,No,NULL
PROP - 039058,26-09-2024 11:04,1996,2360,2360,21710 W 53rd Ter,Shawnee,KS,66226,Johnson,4,2.5,1822,No,NULL
PROP - 039297,26-09-2024 11:04,2000,2285,2285,4868 Shadow View Ln,Arlington,TN,38002,Shelby,4,2.5,2099,No,NULL
PROP - 039618,26-09-2024 11:04,2003,2165,2165,2704 Spring Farm Ct,Hermitage,TN,37076,Davidson,3,2.5,1404,No,NULL
PROP - 039619,26-09-2024 11:04,2000,2025,2025,13241 W Port Royale Ln,Surprise,AZ,85379,Maricopa,3,2,1739,No,NULL
PROP - 039171,26-09-2024 11:04,2002,2000,2000,6054 W Illini St,Phoenix,AZ,85043,Maricopa,3,2.5,1557,No,NULL
PROP - 039166,26-09-2024 11:04,2018,2100,2100,2317 Bexley Dr,Tavares,FL,32778,Lake,3,2,1378,No,NULL
PROP - 039237,26-09-2024 11:04,2004,2150,2150,13929 N 159th Dr,Surprise,AZ,85379,Maricopa,3,2,2166,No,NULL
PROP - 037461,26-09-2024 11:04,1986,2075,2075,545 Old Lebanon Dirt Rd,Hermitage,TN,37076,Davidson,3,2.5,1710,No,NULL
PROP - 037462,26-09-2024 11:04,2001,2132,2132,12405 W Corrine Dr,El Mirage,AZ,85335,Maricopa,4,2.5,1978,No,Leased
PROP - 037418,26-09-2024 11:04,1994,2345,2345,2103 Maricourt St,Old Hickory,TN,37138,Wilson,3,2,2148,No,NULL
PROP - 037352,26-09-2024 11:04,1974,2165,2165,19218 N 20th Ave,Phoenix,AZ,85027,Maricopa,3,2,1400,No,NULL
PROP - 037487,26-09-2024 11:04,2022,2500,2500,201 Chert Way,Atlanta,GA,30349,Fulton,3,2.5,1839,No,NULL
PROP - 037477,26-09-2024 11:04,1987,1955,1955,7219 W Kimberly Way,Glendale,AZ,85308,Maricopa,3,2,1406,No,NULL
PROP - 037482,26-09-2024 11:04,2019,2600,2600,102 Colony Way,Royse City,TX,75189,Rockwall,4,3,2484,No,NULL
PROP - 037483,26-09-2024 11:04,2003,1915,1915,1110 E Geona St,San Tan Valley,AZ,85140,Pinal,4,2.5,1711,No,NULL
PROP - 038177,26-09-2024 11:04,2005,2455,2455,2018 Southern Oak Loop,Clermont,FL,34715,Lake,4,2,2430,No,NULL
PROP - 037722,26-09-2024 11:04,2021,2245,2245,7838 W Forest Grove Ave,Phoenix,AZ,85043,Maricopa,3,2,1507,No,NULL
PROP - 036411,26-09-2024 11:04,2007,1990,1990,4390 Sierra Dr,Gardendale,AL,35071,Jefferson,3,2,1848,No,NULL
PROP - 036487,26-09-2024 11:04,2022,2160,2160,16537 Milwaukee St,Justin,TX,76247,Denton,4,2,1653,No,NULL
PROP - 036490,26-09-2024 11:04,2005,1625,1625,9938 Bermuda Palm,San Antonio,TX,78245,Bexar,3,2,1212,No,NULL
PROP - 034715,26-09-2024 11:04,2001,2470,2470,1258 Summit Oaks Dr W,Jacksonville,FL,32221,Duval,3,2,1925,No,NULL
PROP - 034681,26-09-2024 11:04,2021,2365,2365,3518 Heather Chase Trl,Porter,TX,77365,Montgomery,4,2.5,2268,No,NULL
